estado;divisao;ano;data;mandante;visitante;placar
sergipe;1;2023;2023-01-14;Sergipe;Dorense;1-0
sergipe;1;2023;2023-01-14;Atlético Gloriense;Lagarto-SE;0-0
sergipe;1;2023;2023-01-15;América-SE;Confiança;0-3
sergipe;1;2023;2023-01-15;Falcon FC;Frei Paulistano;3-3
sergipe;1;2023;2023-01-15;Itabaiana;Estanciano;1-0
sergipe;1;2023;2023-01-18;Estanciano;Sergipe;0-1
sergipe;1;2023;2023-01-21;Dorense;Itabaiana;0-1
sergipe;1;2023;2023-01-21;Confiança;Atlético Gloriense;2-1
sergipe;1;2023;2023-01-21;Lagarto-SE;Falcon FC;1-0
sergipe;1;2023;2023-01-22;Frei Paulistano;América-SE;0-0
sergipe;1;2023;2023-01-28;Frei Paulistano;Atlético Gloriense;1-2
sergipe;1;2023;2023-01-28;Falcon FC;Dorense;3-0
sergipe;1;2023;2023-01-29;Estanciano;Lagarto-SE;1-4
sergipe;1;2023;2023-01-29;Itabaiana;Confiança;2-0
sergipe;1;2023;2023-01-30;Sergipe;América-SE;2-0
sergipe;1;2023;2023-02-04;Lagarto-SE;Dorense;4-1
sergipe;1;2023;2023-02-04;Confiança;Estanciano;2-0
sergipe;1;2023;2023-02-05;América-SE;Itabaiana;2-2
sergipe;1;2023;2023-02-05;Atlético Gloriense;Falcon FC;0-1
sergipe;1;2023;2023-02-08;Sergipe;Frei Paulistano;1-0
sergipe;1;2023;2023-02-10;Lagarto-SE;América-SE;2-0
sergipe;1;2023;2023-02-11;Dorense;Frei Paulistano;1-0
sergipe;1;2023;2023-02-11;Itabaiana;Falcon FC;1-0
sergipe;1;2023;2023-02-12;Estanciano;Atlético Gloriense;1-0
sergipe;1;2023;2023-02-12;Confiança;Sergipe;1-0
sergipe;1;2023;2023-02-16;Falcon FC;América-SE;0-0
sergipe;1;2023;2023-02-16;Itabaiana;Lagarto-SE;1-0
sergipe;1;2023;2023-02-18;Dorense;Estanciano;0-1
sergipe;1;2023;2023-02-18;Frei Paulistano;Confiança;0-1
sergipe;1;2023;2023-02-22;Atlético Gloriense;Sergipe;0-0
sergipe;1;2023;2023-02-25;Lagarto-SE;Frei Paulistano;4-0
sergipe;1;2023;2023-02-26;América-SE;Atlético Gloriense;0-0
sergipe;1;2023;2023-02-26;Sergipe;Itabaiana;2-1
sergipe;1;2023;2023-02-27;Confiança;Dorense;3-2
sergipe;1;2023;2023-02-28;Falcon FC;Estanciano;4-1
sergipe;1;2023;2023-03-04;Dorense;Atlético Gloriense;0-0
sergipe;1;2023;2023-03-04;Confiança;Lagarto-SE;2-0
sergipe;1;2023;2023-03-05;Estanciano;América-SE;1-1
sergipe;1;2023;2023-03-05;Itabaiana;Frei Paulistano;1-2
sergipe;1;2023;2023-03-11;Sergipe;Falcon FC;4-1
sergipe;1;2023;2023-03-15;América-SE;Dorense;2-0
sergipe;1;2023;2023-03-15;Falcon FC;Confiança;0-2
sergipe;1;2023;2023-03-15;Frei Paulistano;Estanciano;1-0
sergipe;1;2023;2023-03-15;Atlético Gloriense;Itabaiana;1-0
sergipe;1;2023;2023-03-15;Lagarto-SE;Sergipe;2-2
sergipe;1;2023;2023-03-18;Falcon FC;Itabaiana;1-1
sergipe;1;2023;2023-03-19;Dorense;Frei Paulistano;1-0
sergipe;1;2023;2023-03-19;Estanciano;América-SE;0-3
sergipe;1;2023;2023-03-19;Atlético Gloriense;Lagarto-SE;1-0
sergipe;1;2023;2023-03-25;América-SE;Estanciano;0-2
sergipe;1;2023;2023-03-25;Lagarto-SE;Atlético Gloriense;2-0
sergipe;1;2023;2023-03-25;Frei Paulistano;Dorense;0-1
sergipe;1;2023;2023-03-26;Itabaiana;Falcon FC;"1-1(3-0 Pen.)"
sergipe;1;2023;2023-04-01;Lagarto-SE;Confiança;0-0
sergipe;1;2023;2023-04-02;Itabaiana;Sergipe;2-1
sergipe;1;2023;2023-04-08;Sergipe;Itabaiana;"2-1(4-5 Pen.)"
sergipe;1;2023;2023-04-09;Confiança;Lagarto-SE;2-0
sergipe;1;2023;2023-04-16;Itabaiana;Confiança;2-0
sergipe;1;2023;2023-04-22;Confiança;Itabaiana;0-2
sergipe;1;2022;2022-01-15;Sergipe;Falcon FC;2-1
sergipe;1;2022;2022-01-16;Itabaiana;Maruinense;4-0
sergipe;1;2022;2022-01-19;América-SE;Boca Júnior-SE;0-2
sergipe;1;2022;2022-01-22;Frei Paulistano;Confiança;1-2
sergipe;1;2022;2022-01-22;Boca Júnior-SE;Sergipe;0-6
sergipe;1;2022;2022-01-23;Atlético Gloriense;Lagarto-SE;1-2
sergipe;1;2022;2022-01-25;Falcon FC;Itabaiana;0-1
sergipe;1;2022;2022-01-26;Confiança;América-SE;5-0
sergipe;1;2022;2022-01-27;Lagarto-SE;Frei Paulistano;2-0
sergipe;1;2022;2022-01-29;Itabaiana;Boca Júnior-SE;3-0
sergipe;1;2022;2022-01-30;Frei Paulistano;Maruinense;2-1
sergipe;1;2022;2022-01-30;Atlético Gloriense;Falcon FC;1-3
sergipe;1;2022;2022-02-03;Sergipe;Confiança;1-1
sergipe;1;2022;2022-02-04;Falcon FC;América-SE;4-1
sergipe;1;2022;2022-02-05;Boca Júnior-SE;Frei Paulistano;0-1
sergipe;1;2022;2022-02-05;Lagarto-SE;Itabaiana;1-2
sergipe;1;2022;2022-02-07;Confiança;Atlético Gloriense;2-2
sergipe;1;2022;2022-02-09;América-SE;Lagarto-SE;0-1
sergipe;1;2022;2022-02-09;Maruinense;Sergipe;1-1
sergipe;1;2022;2022-02-12;América-SE;Maruinense;6-0
sergipe;1;2022;2022-02-12;Frei Paulistano;Falcon FC;0-2
sergipe;1;2022;2022-02-13;Atlético Gloriense;Boca Júnior-SE;1-0
sergipe;1;2022;2022-02-13;Itabaiana;Confiança;0-0
sergipe;1;2022;2022-02-17;Lagarto-SE;Atlético Gloriense;2-2
sergipe;1;2022;2022-02-19;Confiança;Frei Paulistano;1-0
sergipe;1;2022;2022-02-20;Boca Júnior-SE;América-SE;1-1
sergipe;1;2022;2022-02-20;Maruinense;Itabaiana;0-2
sergipe;1;2022;2022-02-25;Itabaiana;Falcon FC;2-1
sergipe;1;2022;2022-02-26;América-SE;Confiança;0-4
sergipe;1;2022;2022-02-26;Sergipe;Lagarto-SE;2-1
sergipe;1;2022;2022-02-26;Atlético Gloriense;Maruinense;1-0
sergipe;1;2022;2022-03-05;Frei Paulistano;Lagarto-SE;0-2
sergipe;1;2022;2022-03-09;Falcon FC;Sergipe;1-0
sergipe;1;2022;2022-03-12;Maruinense;Frei Paulistano;1-4
sergipe;1;2022;2022-03-12;Lagarto-SE;América-SE;4-1
sergipe;1;2022;2022-03-12;Confiança;Sergipe;1-1
sergipe;1;2022;2022-03-13;Boca Júnior-SE;Itabaiana;0-2
sergipe;1;2022;2022-03-13;Falcon FC;Atlético Gloriense;1-0
sergipe;1;2022;2022-03-16;Sergipe;Boca Júnior-SE;2-1
sergipe;1;2022;2022-03-19;Frei Paulistano;Boca Júnior-SE;4-1
sergipe;1;2022;2022-03-19;América-SE;Falcon FC;0-1
sergipe;1;2022;2022-03-19;Atlético Gloriense;Confiança;0-0
sergipe;1;2022;2022-03-20;Itabaiana;Lagarto-SE;0-0
sergipe;1;2022;2022-03-22;Sergipe;Maruinense;9-0
sergipe;1;2022;2022-03-26;Boca Júnior-SE;Atlético Gloriense;1-3
sergipe;1;2022;2022-03-26;Maruinense;América-SE;0-1
sergipe;1;2022;2022-03-26;Lagarto-SE;Sergipe;0-2
sergipe;1;2022;2022-03-26;Confiança;Itabaiana;2-1
sergipe;1;2022;2022-03-26;Falcon FC;Frei Paulistano;6-0
sergipe;1;2022;2022-03-30;Sergipe;Itabaiana;2-0
sergipe;1;2022;2022-03-31;Confiança;Falcon FC;1-1
sergipe;1;2022;2022-04-02;Itabaiana;Sergipe;1-0
sergipe;1;2022;2022-04-03;Falcon FC;Confiança;1-1
sergipe;1;2022;2022-04-06;Falcon FC;Sergipe;1-2
sergipe;1;2022;2022-04-09;Sergipe;Falcon FC;1-1
sergipe;1;2021;2021-02-20;Confiança;Atlético Gloriense;2-1
sergipe;1;2021;2021-02-20;Lagarto-SE;América de Pedrinhas;3-0
sergipe;1;2021;2021-02-24;Maruinense;Sergipe;1-1
sergipe;1;2021;2021-02-24;Dorense;Itabaiana;0-0
sergipe;1;2021;2021-02-27;Sergipe;Lagarto-SE;1-3
sergipe;1;2021;2021-02-28;Boca Júnior-SE;Frei Paulistano;3-0
sergipe;1;2021;2021-03-02;Atlético Gloriense;Dorense;0-0
sergipe;1;2021;2021-03-03;América de Pedrinhas;Confiança;0-6
sergipe;1;2021;2021-03-03;Frei Paulistano;Maruinense;0-0
sergipe;1;2021;2021-03-03;Itabaiana;Boca Júnior-SE;1-0
sergipe;1;2021;2021-03-06;Dorense;Sergipe;0-3
sergipe;1;2021;2021-03-06;Lagarto-SE;Frei Paulistano;4-1
sergipe;1;2021;2021-03-07;Maruinense;América de Pedrinhas;7-2
sergipe;1;2021;2021-03-07;Boca Júnior-SE;Atlético Gloriense;2-1
sergipe;1;2021;2021-03-10;Sergipe;Boca Júnior-SE;1-1
sergipe;1;2021;2021-03-13;Atlético Gloriense;Lagarto-SE;0-2
sergipe;1;2021;2021-03-17;América de Pedrinhas;Dorense;1-1
sergipe;1;2021;2021-03-17;Confiança;Itabaiana;1-2
sergipe;1;2021;2021-03-20;Itabaiana;Maruinense;2-1
sergipe;1;2021;2021-03-21;Boca Júnior-SE;América de Pedrinhas;2-0
sergipe;1;2021;2021-03-21;Dorense;Frei Paulistano;2-0
sergipe;1;2021;2021-03-23;Maruinense;Atlético Gloriense;5-3
sergipe;1;2021;2021-03-24;Lagarto-SE;Itabaiana;0-2
sergipe;1;2021;2021-03-27;Frei Paulistano;Boca Júnior-SE;1-1
sergipe;1;2021;2021-03-27;Sergipe;Maruinense;3-0
sergipe;1;2021;2021-03-28;América de Pedrinhas;Lagarto-SE;0-3
sergipe;1;2021;2021-03-28;Itabaiana;Dorense;0-0
sergipe;1;2021;2021-03-31;Frei Paulistano;Confiança;1-3
sergipe;1;2021;2021-04-03;Dorense;Atlético Gloriense;2-3
sergipe;1;2021;2021-04-03;Lagarto-SE;Sergipe;2-2
sergipe;1;2021;2021-04-04;Boca Júnior-SE;Itabaiana;1-1
sergipe;1;2021;2021-04-04;Maruinense;Frei Paulistano;0-3
sergipe;1;2021;2021-04-10;Frei Paulistano;Lagarto-SE;0-1
sergipe;1;2021;2021-04-11;Maruinense;Itabaiana;0-2
sergipe;1;2021;2021-04-14;Atlético Gloriense;Boca Júnior-SE;0-0
sergipe;1;2021;2021-04-14;Confiança;Sergipe;2-1
sergipe;1;2021;2021-04-17;Atlético Gloriense;Confiança;1-1
sergipe;1;2021;2021-04-18;Sergipe;Dorense;1-1
sergipe;1;2021;2021-04-21;Confiança;América de Pedrinhas;3-0
sergipe;1;2021;2021-04-24;Dorense;América de Pedrinhas;2-0
sergipe;1;2021;2021-04-24;Itabaiana;Confiança;1-4
sergipe;1;2021;2021-04-27;Boca Júnior-SE;Sergipe;0-1
sergipe;1;2021;2021-04-27;América de Pedrinhas;Maruinense;2-3
sergipe;1;2021;2021-04-28;Confiança;Frei Paulistano;8-0
sergipe;1;2021;2021-04-28;Lagarto-SE;Atlético Gloriense;0-1
sergipe;1;2021;2021-05-01;América de Pedrinhas;Boca Júnior-SE;0-3
sergipe;1;2021;2021-05-01;Frei Paulistano;Dorense;2-0
sergipe;1;2021;2021-05-01;Atlético Gloriense;Maruinense;2-2
sergipe;1;2021;2021-05-01;Sergipe;Confiança;1-1
sergipe;1;2021;2021-05-01;Itabaiana;Lagarto-SE;1-1
sergipe;1;2021;2021-05-05;Sergipe;Confiança;0-0
sergipe;1;2021;2021-05-06;Lagarto-SE;Itabaiana;2-0
sergipe;1;2021;2021-05-08;Confiança;Sergipe;0-1
sergipe;1;2021;2021-05-09;Itabaiana;Lagarto-SE;0-2
sergipe;1;2021;2021-05-15;Sergipe;Lagarto-SE;3-1
sergipe;1;2021;2021-05-22;Lagarto-SE;Sergipe;1-0
sergipe;1;2020;2020-01-11;Boca Júnior-SE;Frei Paulistano;1-3
sergipe;1;2020;2020-01-11;Dorense;Lagarto-SE;0-0
sergipe;1;2020;2020-01-12;América de Pedrinhas;Itabaiana;2-4
sergipe;1;2020;2020-01-12;Confiança;Sergipe;2-1
sergipe;1;2020;2020-01-18;Lagarto-SE;América de Pedrinhas;1-0
sergipe;1;2020;2020-01-18;Frei Paulistano;Confiança;0-1
sergipe;1;2020;2020-01-19;Sergipe;Boca Júnior-SE;1-1
sergipe;1;2020;2020-01-19;Itabaiana;Dorense;1-0
sergipe;1;2020;2020-01-21;Confiança;Lagarto-SE;0-0
sergipe;1;2020;2020-01-22;Dorense;Frei Paulistano;1-4
sergipe;1;2020;2020-01-25;Boca Júnior-SE;Itabaiana;2-1
sergipe;1;2020;2020-01-26;América de Pedrinhas;Sergipe;0-3
sergipe;1;2020;2020-01-28;Itabaiana;Confiança;0-1
sergipe;1;2020;2020-01-29;América de Pedrinhas;Frei Paulistano;3-2
sergipe;1;2020;2020-02-01;Boca Júnior-SE;Lagarto-SE;1-0
sergipe;1;2020;2020-02-02;Sergipe;Dorense;1-0
sergipe;1;2020;2020-02-05;Confiança;América de Pedrinhas;3-0
sergipe;1;2020;2020-02-05;Frei Paulistano;Itabaiana;2-1
sergipe;1;2020;2020-02-08;Lagarto-SE;Sergipe;1-3
sergipe;1;2020;2020-02-08;Dorense;Boca Júnior-SE;2-1
sergipe;1;2020;2020-02-15;Boca Júnior-SE;América de Pedrinhas;2-2
sergipe;1;2020;2020-02-16;Sergipe;Itabaiana;1-0
sergipe;1;2020;2020-02-19;Dorense;Confiança;1-1
sergipe;1;2020;2020-02-23;Lagarto-SE;Frei Paulistano;1-1
sergipe;1;2020;2020-03-01;Frei Paulistano;Sergipe;1-2
sergipe;1;2020;2020-03-01;Confiança;Boca Júnior-SE;3-2
sergipe;1;2020;2020-03-01;América de Pedrinhas;Dorense;0-2
sergipe;1;2020;2020-03-01;Itabaiana;Lagarto-SE;1-0
sergipe;1;2020;2020-03-11;Itabaiana;Confiança;0-1
sergipe;1;2020;2020-03-11;Sergipe;Frei Paulistano;1-1
sergipe;1;2020;2020-07-27;Frei Paulistano;Itabaiana;2-1
sergipe;1;2020;2020-07-27;Confiança;Sergipe;2-2
sergipe;1;2020;2020-07-30;Sergipe;Itabaiana;2-1
sergipe;1;2020;2020-08-01;Confiança;Frei Paulistano;1-0
sergipe;1;2020;2020-08-02;Itabaiana;Sergipe;1-4
sergipe;1;2020;2020-08-04;Frei Paulistano;Confiança;0-4
sergipe;1;2020;2020-08-08;Itabaiana;Frei Paulistano;2-0
sergipe;1;2020;2020-08-11;Frei Paulistano;Sergipe;0-1
sergipe;1;2020;2020-08-14;Sergipe;Confiança;0-0
sergipe;1;2020;2020-08-21;Confiança;Itabaiana;1-1
tocantins;2;2025;2025-10-04;Alvorada-TO;Palmas;0-3
tocantins;2;2025;2025-10-04;Araguaia de Palmas;Guaraí;0-6
tocantins;2;2025;2025-10-05;União de Palmas;Interporto;1-4
tocantins;2;2025;2025-10-11;Interporto;Alvorada-TO;0-0
tocantins;2;2025;2025-10-11;Taquarussú;União de Palmas;1-3
tocantins;2;2025;2025-10-12;Paraíso;Araguaia de Palmas;3-1
tocantins;2;2025;2025-10-18;Palmas;Interporto;1-1
tocantins;2;2025;2025-10-18;Alvorada-TO;Taquarussú;5-1
tocantins;2;2025;2025-10-18;Guaraí;Paraíso;4-0
tocantins;2;2025;2025-10-19;Araguaia de Palmas;Central Paraíso;0-1
tocantins;2;2025;2025-10-25;União de Palmas;Alvorada-TO;1-1
tocantins;2;2025;2025-10-25;Central Paraíso;Guaraí;2-5
tocantins;2;2025;2025-10-26;Taquarussú;Palmas;0-5
tocantins;2;2025;2025-11-01;Interporto;Taquarussú;6-0
tocantins;2;2025;2025-11-01;Palmas;União de Palmas;0-1
tocantins;2;2025;2025-11-01;Paraíso;Central Paraíso;2-2
tocantins;2;2025;2025-11-08;Alvorada-TO;Paraíso;2-0
tocantins;2;2025;2025-11-08;Central Paraíso;União de Palmas;3-1
tocantins;2;2025;2025-11-09;Interporto;Guaraí;1-3
tocantins;2;2025;2025-11-09;Araguaia de Palmas;Palmas;0-1
tocantins;2;2025;2025-11-15;Paraíso;Alvorada-TO;2-2
tocantins;2;2025;2025-11-15;Palmas;Araguaia de Palmas;4-0
tocantins;2;2025;2025-11-15;Guaraí;Interporto;3-1
tocantins;2;2025;2025-11-16;União de Palmas;Central Paraíso;4-1
tocantins;2;2025;2025-11-22;Alvorada-TO;Guaraí;3-4
tocantins;2;2025;2025-11-22;União de Palmas;Palmas;1-4
tocantins;2;2025;2025-11-29;Guaraí;Alvorada-TO;2-2
tocantins;2;2025;2025-11-29;Palmas;União de Palmas;6-0
tocantins;2;2025;2025-12-03;Palmas;Guaraí;1-1
tocantins;2;2025;2025-12-06;Guaraí;Palmas;1-3
tocantins;2;2024;2024-10-01;União de Palmas;Batalhão;0-5
tocantins;2;2024;2024-10-04;São José-TO;Interporto;2-2
tocantins;2;2024;2024-10-11;Batalhão;Taquarussú;7-1
tocantins;2;2024;2024-10-12;União de Palmas;São José-TO;1-2
tocantins;2;2024;2024-10-12;Arsenal-TO;Bela Vista-TO;0-3
tocantins;2;2024;2024-10-12;Sparta-TO;Colinas;6-0
tocantins;2;2024;2024-10-12;Guaraí;Araguacema;2-0
tocantins;2;2024;2024-10-12;Alvorada-TO;Araguaia de Palmas;0-0
tocantins;2;2024;2024-10-16;Taquarussú;Araguaia de Palmas;1-2
tocantins;2;2024;2024-10-19;Taquarussú;União de Palmas;2-1
tocantins;2;2024;2024-10-19;Interporto;Batalhão;1-1
tocantins;2;2024;2024-10-19;São José-TO;Alvorada-TO;2-1
tocantins;2;2024;2024-10-19;Bela Vista-TO;Sparta-TO;0-0
tocantins;2;2024;2024-10-19;Araguacema;Colinas;7-1
tocantins;2;2024;2024-10-19;Guaraí;Arsenal-TO;3-1
tocantins;2;2024;2024-10-22;São José-TO;Taquarussú;2-0
tocantins;2;2024;2024-10-23;Araguaia de Palmas;Interporto;1-1
tocantins;2;2024;2024-10-23;Alvorada-TO;Batalhão;0-3
tocantins;2;2024;2024-10-26;União de Palmas;Alvorada-TO;1-3
tocantins;2;2024;2024-10-26;Sparta-TO;Arsenal-TO;1-0
tocantins;2;2024;2024-10-26;Araguacema;Bela Vista-TO;0-3
tocantins;2;2024;2024-10-26;Colinas;Guaraí;0-5
tocantins;2;2024;2024-10-29;Batalhão;Araguaia de Palmas;3-0
tocantins;2;2024;2024-10-30;Taquarussú;Interporto;0-6
tocantins;2;2024;2024-11-02;Interporto;União de Palmas;3-1
tocantins;2;2024;2024-11-02;Araguaia de Palmas;São José-TO;3-0
tocantins;2;2024;2024-11-02;Arsenal-TO;Araguacema;0-2
tocantins;2;2024;2024-11-02;Guaraí;Sparta-TO;1-2
tocantins;2;2024;2024-11-02;Bela Vista-TO;Colinas;8-0
tocantins;2;2024;2024-11-09;Araguaia de Palmas;União de Palmas;3-0
tocantins;2;2024;2024-11-09;Batalhão;São José-TO;3-3
tocantins;2;2024;2024-11-09;Interporto;Alvorada-TO;3-0
tocantins;2;2024;2024-11-09;Araguacema;Sparta-TO;1-1
tocantins;2;2024;2024-11-09;Bela Vista-TO;Guaraí;3-1
tocantins;2;2024;2024-11-16;Araguaia de Palmas;Sparta-TO;0-1
tocantins;2;2024;2024-11-16;Araguacema;Batalhão;3-1
tocantins;2;2024;2024-11-16;Guaraí;Interporto;3-1
tocantins;2;2024;2024-11-17;São José-TO;Bela Vista-TO;2-1
tocantins;2;2024;2024-11-23;Sparta-TO;Araguaia de Palmas;"0-1(6-5 Pen.)"
tocantins;2;2024;2024-11-23;Bela Vista-TO;São José-TO;3-0
tocantins;2;2024;2024-11-23;Batalhão;Araguacema;"3-1(3-1 Pen.)"
tocantins;2;2024;2024-11-23;Interporto;Guaraí;1-1
tocantins;2;2024;2024-11-30;Batalhão;Guaraí;4-0
tocantins;2;2024;2024-11-30;Sparta-TO;Bela Vista-TO;0-1
tocantins;2;2024;2024-12-04;Bela Vista-TO;Sparta-TO;"0-1(5-3 Pen.)"
tocantins;2;2024;2024-12-04;Guaraí;Batalhão;1-1
tocantins;2;2024;2024-12-07;Bela Vista-TO;Batalhão;3-0
tocantins;2;2024;2024-12-10;Batalhão;Bela Vista-TO;2-2
tocantins;2;2023;2023-10-12;São José-TO;Interporto;2-2
tocantins;2;2023;2023-10-12;Miranorte;Batalhão;0-4
tocantins;2;2023;2023-10-12;Guaraí;Sparta-TO;3-0
tocantins;2;2023;2023-10-12;Araguaína;Arsenal-TO;2-1
tocantins;2;2023;2023-10-15;Interporto;Miranorte;8-0
tocantins;2;2023;2023-10-15;Arsenal-TO;Guaraí;0-1
tocantins;2;2023;2023-10-17;Batalhão;São José-TO;5-0
tocantins;2;2023;2023-10-17;Sparta-TO;Araguaína;0-1
tocantins;2;2023;2023-10-21;Interporto;Batalhão;1-0
tocantins;2;2023;2023-10-21;Miranorte;São José-TO;2-2
tocantins;2;2023;2023-10-22;Araguaína;Guaraí;2-2
tocantins;2;2023;2023-10-24;Sparta-TO;Arsenal-TO;1-1
tocantins;2;2023;2023-10-28;Batalhão;Interporto;0-3
tocantins;2;2023;2023-10-29;São José-TO;Miranorte;2-1
tocantins;2;2023;2023-10-29;Arsenal-TO;Sparta-TO;0-2
tocantins;2;2023;2023-10-29;Guaraí;Araguaína;0-0
tocantins;2;2023;2023-11-04;Miranorte;Interporto;0-6
tocantins;2;2023;2023-11-04;São José-TO;Batalhão;1-4
tocantins;2;2023;2023-11-04;Guaraí;Arsenal-TO;2-0
tocantins;2;2023;2023-11-07;Araguaína;Sparta-TO;1-2
tocantins;2;2023;2023-11-11;Interporto;São José-TO;4-1
tocantins;2;2023;2023-11-11;Batalhão;Miranorte;15-1
tocantins;2;2023;2023-11-11;Sparta-TO;Guaraí;0-0
tocantins;2;2023;2023-11-11;Arsenal-TO;Araguaína;0-5
tocantins;2;2023;2023-11-18;Araguaína;Interporto;2-1
tocantins;2;2023;2023-11-18;Batalhão;Guaraí;1-0
tocantins;2;2023;2023-11-25;Interporto;Araguaína;1-1
tocantins;2;2023;2023-11-25;Guaraí;Batalhão;0-1
tocantins;2;2023;2023-12-02;Araguaína;Batalhão;4-3
tocantins;2;2023;2023-12-09;Batalhão;Araguaína;2-0
tocantins;2;2022;2022-10-23;Tocantins Miracema;Central Paraíso;3-2
tocantins;2;2022;2022-10-26;São José-TO;Gurupi;0-8
tocantins;2;2022;2022-10-29;Central Paraíso;São José-TO;1-0
tocantins;2;2022;2022-10-29;Gurupi;Atlético Cerrado;4-1
tocantins;2;2022;2022-10-29;Arsenal-TO;Tocantins Miracema;1-4
tocantins;2;2022;2022-11-02;Arsenal-TO;Gurupi;1-4
tocantins;2;2022;2022-11-02;Central Paraíso;Atlético Cerrado;0-0
tocantins;2;2022;2022-11-02;Tocantins Miracema;São José-TO;6-0
tocantins;2;2022;2022-11-05;Tocantins Miracema;Atlético Cerrado;5-0
tocantins;2;2022;2022-11-06;Central Paraíso;Gurupi;0-3
tocantins;2;2022;2022-11-06;São José-TO;Arsenal-TO;0-1
tocantins;2;2022;2022-11-12;Atlético Cerrado;São José-TO;7-0
tocantins;2;2022;2022-11-12;Gurupi;Tocantins Miracema;1-1
tocantins;2;2022;2022-11-12;Arsenal-TO;Central Paraíso;2-4
tocantins;2;2022;2022-11-19;Atlético Cerrado;Tocantins Miracema;1-4
tocantins;2;2022;2022-11-20;Central Paraíso;Gurupi;0-3
tocantins;2;2022;2022-11-26;Gurupi;Central Paraíso;1-1
tocantins;2;2022;2022-11-27;Tocantins Miracema;Atlético Cerrado;6-0
tocantins;2;2022;2022-11-30;Gurupi;Tocantins Miracema;2-2
tocantins;2;2022;2022-12-04;Tocantins Miracema;Gurupi;0-1
tocantins;2;2021;2021-11-21;Bela Vista-TO;Taquarussú;3-0
tocantins;2;2021;2021-11-21;Paraíso;União Atlética Araguainense;0-2
tocantins;2;2021;2021-11-28;Taquarussú;Paraíso;2-2
tocantins;2;2021;2021-11-28;União Atlética Araguainense;Bela Vista-TO;2-2
tocantins;2;2021;2021-12-05;Taquarussú;União Atlética Araguainense;0-2
tocantins;2;2021;2021-12-05;Paraíso;Bela Vista-TO;1-2
tocantins;2;2021;2021-12-12;Paraíso;União Atlética Araguainense;1-3
tocantins;2;2021;2021-12-15;Bela Vista-TO;Paraíso;4-0
tocantins;2;2021;2021-12-19;União Atlética Araguainense;Bela Vista-TO;3-0
tocantins;2;2020;2020-11-04;Tocantins Miracema;Taquarussú;4-1
tocantins;2;2020;2020-11-04;Gurupi;Alvorada-TO;2-0
tocantins;2;2020;2020-11-08;Taquarussú;Gurupi;0-7
tocantins;2;2020;2020-11-12;Alvorada-TO;Taquarussú;3-0
tocantins;2;2020;2020-11-22;Tocantins Miracema;Gurupi;1-3
tocantins;2;2020;2020-11-29;Alvorada-TO;Tocantins Miracema;2-2
tocantins;2;2020;2020-12-06;Gurupi;Tocantins Miracema;1-0
tocantins;1;2025;2025-02-04;Araguaína;Batalhão;2-1
tocantins;1;2025;2025-02-05;Gurupi;Bela Vista-TO;2-0
tocantins;1;2025;2025-02-05;União Atlético;Capital Fc;1-0
tocantins;1;2025;2025-02-08;Batalhão;Gurupi;1-1
tocantins;1;2025;2025-02-09;Bela Vista-TO;Araguaína;1-4
tocantins;1;2025;2025-02-09;Capital Fc;Tocantins Miracema;1-0
tocantins;1;2025;2025-02-12;Tocantins Miracema;Tocantinópolis;0-3
tocantins;1;2025;2025-02-15;Tocantinópolis;Bela Vista-TO;0-1
tocantins;1;2025;2025-02-15;União Atlético;Gurupi;0-3
tocantins;1;2025;2025-02-15;Capital Fc;Batalhão;1-0
tocantins;1;2025;2025-02-16;Araguaína;Tocantins Miracema;2-0
tocantins;1;2025;2025-02-22;Tocantins Miracema;Bela Vista-TO;2-1
tocantins;1;2025;2025-02-22;Gurupi;Araguaína;1-1
tocantins;1;2025;2025-02-22;Capital Fc;Tocantinópolis;2-3
tocantins;1;2025;2025-02-23;Batalhão;União Atlético;2-2
tocantins;1;2025;2025-03-01;Tocantinópolis;Gurupi;1-1
tocantins;1;2025;2025-03-01;Tocantins Miracema;Batalhão;0-5
tocantins;1;2025;2025-03-01;Bela Vista-TO;Capital Fc;0-2
tocantins;1;2025;2025-03-01;União Atlético;Araguaína;2-0
tocantins;1;2025;2025-03-08;Gurupi;Capital Fc;0-1
tocantins;1;2025;2025-03-08;Batalhão;Bela Vista-TO;1-1
tocantins;1;2025;2025-03-08;Araguaína;Tocantinópolis;0-1
tocantins;1;2025;2025-03-09;União Atlético;Tocantins Miracema;2-1
tocantins;1;2025;2025-03-12;Tocantinópolis;União Atlético;3-0
tocantins;1;2025;2025-03-15;Bela Vista-TO;União Atlético;3-0
tocantins;1;2025;2025-03-15;Tocantinópolis;Batalhão;4-2
tocantins;1;2025;2025-03-15;Capital Fc;Araguaína;1-0
tocantins;1;2025;2025-03-15;Tocantins Miracema;Gurupi;1-1
tocantins;1;2025;2025-03-18;Araguaína;Capital Fc;1-2
tocantins;1;2025;2025-03-23;Capital Fc;Araguaína;0-3
tocantins;1;2025;2025-12-20;Gurupi;Tocantinópolis;1-2
tocantins;1;2025;2025-12-24;Tocantinópolis;Gurupi;"0-1(4-3 Pen.)"
tocantins;1;2025;2025-12-27;Araguaína;Tocantinópolis;2-1
tocantins;1;2025;2025-12-30;Tocantinópolis;Araguaína;1-1
tocantins;1;2024;2024-01-27;União Atlético;Bela Vista-TO;1-0
tocantins;1;2024;2024-01-27;Batalhão;Tocantinópolis;1-2
tocantins;1;2024;2024-01-30;Araguaína;Capital Fc;1-2
tocantins;1;2024;2024-01-31;Gurupi;Tocantins Miracema;0-0
tocantins;1;2024;2024-02-03;Capital Fc;Gurupi;0-0
tocantins;1;2024;2024-02-03;Tocantins Miracema;União Atlético;0-2
tocantins;1;2024;2024-02-03;Bela Vista-TO;Batalhão;2-0
tocantins;1;2024;2024-02-04;Tocantinópolis;Araguaína;0-1
tocantins;1;2024;2024-02-09;Tocantinópolis;Bela Vista-TO;2-1
tocantins;1;2024;2024-02-10;Gurupi;União Atlético;0-1
tocantins;1;2024;2024-02-10;Batalhão;Capital Fc;0-3
tocantins;1;2024;2024-02-10;Tocantins Miracema;Araguaína;0-2
tocantins;1;2024;2024-02-14;Tocantinópolis;Capital Fc;1-0
tocantins;1;2024;2024-02-17;União Atlético;Batalhão;1-0
tocantins;1;2024;2024-02-17;Bela Vista-TO;Tocantins Miracema;2-3
tocantins;1;2024;2024-02-20;Araguaína;Gurupi;2-1
tocantins;1;2024;2024-02-24;Gurupi;Tocantinópolis;0-0
tocantins;1;2024;2024-02-24;Batalhão;Tocantins Miracema;2-3
tocantins;1;2024;2024-02-24;União Atlético;Araguaína;1-0
tocantins;1;2024;2024-02-25;Capital Fc;Bela Vista-TO;2-0
tocantins;1;2024;2024-03-02;Gurupi;Batalhão;3-2
tocantins;1;2024;2024-03-02;União Atlético;Tocantinópolis;0-0
tocantins;1;2024;2024-03-03;Tocantins Miracema;Capital Fc;0-2
tocantins;1;2024;2024-03-05;Araguaína;Bela Vista-TO;1-1
tocantins;1;2024;2024-03-10;Batalhão;Araguaína;0-2
tocantins;1;2024;2024-03-10;Bela Vista-TO;Gurupi;1-2
tocantins;1;2024;2024-03-10;Capital Fc;União Atlético;1-4
tocantins;1;2024;2024-03-10;Tocantinópolis;Tocantins Miracema;3-0
tocantins;1;2024;2024-03-16;Araguaína;União Atlético;1-1
tocantins;1;2024;2024-03-19;Capital Fc;Tocantinópolis;2-3
tocantins;1;2024;2024-03-23;União Atlético;Araguaína;"1-1(5-4 Pen.)"
tocantins;1;2024;2024-03-24;Tocantinópolis;Capital Fc;1-0
tocantins;1;2024;2024-03-30;Tocantinópolis;União Atlético;1-2
tocantins;1;2024;2024-04-06;União Atlético;Tocantinópolis;2-1
tocantins;1;2023;2023-01-28;União Atlético;Capital Fc;1-1
tocantins;1;2023;2023-01-29;Tocantinópolis;Interporto;2-0
tocantins;1;2023;2023-02-01;Tocantins Miracema;Bela Vista-TO;1-0
tocantins;1;2023;2023-02-04;Gurupi;Tocantinópolis;0-2
tocantins;1;2023;2023-02-04;Interporto;Tocantins Miracema;0-1
tocantins;1;2023;2023-02-05;Bela Vista-TO;União Atlético;2-0
tocantins;1;2023;2023-02-11;Capital Fc;Bela Vista-TO;1-1
tocantins;1;2023;2023-02-11;Interporto;Gurupi;0-1
tocantins;1;2023;2023-02-12;Tocantinópolis;Tocantins Miracema;6-0
tocantins;1;2023;2023-02-18;Tocantins Miracema;União Atlético;0-2
tocantins;1;2023;2023-02-18;Gurupi;Capital Fc;1-1
tocantins;1;2023;2023-02-23;Bela Vista-TO;Interporto;1-0
tocantins;1;2023;2023-02-25;União Atlético;Tocantinópolis;0-0
tocantins;1;2023;2023-02-26;Capital Fc;Interporto;1-2
tocantins;1;2023;2023-02-26;Gurupi;Bela Vista-TO;1-1
tocantins;1;2023;2023-03-04;Tocantins Miracema;Capital Fc;0-2
tocantins;1;2023;2023-03-04;União Atlético;Gurupi;0-0
tocantins;1;2023;2023-03-05;Tocantinópolis;Bela Vista-TO;1-1
tocantins;1;2023;2023-03-12;Gurupi;Tocantins Miracema;0-2
tocantins;1;2023;2023-03-12;Capital Fc;Tocantinópolis;0-0
tocantins;1;2023;2023-03-12;Interporto;União Atlético;0-0
tocantins;1;2023;2023-03-18;Capital Fc;Bela Vista-TO;1-1
tocantins;1;2023;2023-03-20;Tocantins Miracema;Tocantinópolis;0-4
tocantins;1;2023;2023-03-25;Bela Vista-TO;Capital Fc;"1-1(2-3 Pen.)"
tocantins;1;2023;2023-03-26;Tocantinópolis;Tocantins Miracema;4-1
tocantins;1;2023;2023-04-02;Capital Fc;Tocantinópolis;1-2
tocantins;1;2023;2023-04-09;Tocantinópolis;Capital Fc;4-3
tocantins;1;2022;2022-01-22;Bela Vista-TO;Araguacema;2-1
tocantins;1;2022;2022-01-22;Interporto;Palmas;1-0
tocantins;1;2022;2022-01-22;Capital Fc;Tocantinópolis;2-1
tocantins;1;2022;2022-01-23;Nova Conquista;Gurupi;3-1
tocantins;1;2022;2022-01-29;Palmas;Nova Conquista;1-1
tocantins;1;2022;2022-01-29;Tocantinópolis;Interporto;0-0
tocantins;1;2022;2022-01-29;União Atlético;Capital Fc;1-0
tocantins;1;2022;2022-01-30;Araguacema;Tocantins Miracema;4-1
tocantins;1;2022;2022-01-30;Gurupi;Bela Vista-TO;0-0
tocantins;1;2022;2022-02-02;Tocantins Miracema;União Atlético;1-1
tocantins;1;2022;2022-02-05;Gurupi;Araguacema;0-0
tocantins;1;2022;2022-02-05;Palmas;Tocantinópolis;1-2
tocantins;1;2022;2022-02-05;Bela Vista-TO;Interporto;0-0
tocantins;1;2022;2022-02-05;Tocantins Miracema;Capital Fc;0-2
tocantins;1;2022;2022-02-06;Nova Conquista;União Atlético;2-2
tocantins;1;2022;2022-02-12;Tocantinópolis;Araguacema;2-1
tocantins;1;2022;2022-02-12;Capital Fc;Gurupi;3-0
tocantins;1;2022;2022-02-12;União Atlético;Palmas;2-1
tocantins;1;2022;2022-02-12;Interporto;Tocantins Miracema;5-0
tocantins;1;2022;2022-02-13;Nova Conquista;Bela Vista-TO;0-0
tocantins;1;2022;2022-02-19;Bela Vista-TO;Capital Fc;2-3
tocantins;1;2022;2022-02-19;Araguacema;União Atlético;0-1
tocantins;1;2022;2022-02-19;Interporto;Nova Conquista;3-0
tocantins;1;2022;2022-02-19;Gurupi;Tocantinópolis;0-2
tocantins;1;2022;2022-02-19;Palmas;Tocantins Miracema;7-0
tocantins;1;2022;2022-02-25;Capital Fc;Interporto;0-0
tocantins;1;2022;2022-02-26;Palmas;Araguacema;1-1
tocantins;1;2022;2022-02-26;União Atlético;Gurupi;2-1
tocantins;1;2022;2022-02-26;Tocantinópolis;Bela Vista-TO;3-1
tocantins;1;2022;2022-02-26;Tocantins Miracema;Nova Conquista;0-2
tocantins;1;2022;2022-03-01;Gurupi;Palmas;1-3
tocantins;1;2022;2022-03-01;Araguacema;Interporto;1-2
tocantins;1;2022;2022-03-01;Bela Vista-TO;Tocantins Miracema;4-0
tocantins;1;2022;2022-03-01;Tocantinópolis;União Atlético;2-0
tocantins;1;2022;2022-03-02;Nova Conquista;Capital Fc;0-1
tocantins;1;2022;2022-03-05;Tocantins Miracema;Gurupi;1-3
tocantins;1;2022;2022-03-05;Bela Vista-TO;Palmas;2-1
tocantins;1;2022;2022-03-05;Interporto;União Atlético;1-1
tocantins;1;2022;2022-03-05;Capital Fc;Araguacema;4-1
tocantins;1;2022;2022-03-06;Nova Conquista;Tocantinópolis;2-3
tocantins;1;2022;2022-03-12;Araguacema;Nova Conquista;3-1
tocantins;1;2022;2022-03-12;Gurupi;Interporto;2-3
tocantins;1;2022;2022-03-12;Palmas;Capital Fc;1-1
tocantins;1;2022;2022-03-12;Tocantinópolis;Tocantins Miracema;13-1
tocantins;1;2022;2022-03-12;União Atlético;Bela Vista-TO;1-0
tocantins;1;2022;2022-03-19;Interporto;Capital Fc;1-0
tocantins;1;2022;2022-03-20;União Atlético;Tocantinópolis;0-1
tocantins;1;2022;2022-03-26;Tocantinópolis;União Atlético;"1-2(3-2 Pen.)"
tocantins;1;2022;2022-03-27;Capital Fc;Interporto;0-0
tocantins;1;2022;2022-04-02;Interporto;Tocantinópolis;0-0
tocantins;1;2022;2022-04-10;Tocantinópolis;Interporto;3-0
tocantins;1;2021;2021-02-20;Nova Conquista;Capital Fc;2-0
tocantins;1;2021;2021-02-21;Palmas;Interporto;1-2
tocantins;1;2021;2021-02-21;Araguacema;Gurupi;5-0
tocantins;1;2021;2021-02-21;Tocantinópolis;Tocantins Miracema;4-1
tocantins;1;2021;2021-02-27;Interporto;Araguacema;4-0
tocantins;1;2021;2021-02-28;Gurupi;Nova Conquista;1-3
tocantins;1;2021;2021-02-28;Capital Fc;Tocantinópolis;0-0
tocantins;1;2021;2021-02-28;Tocantins Miracema;Palmas;0-3
tocantins;1;2021;2021-03-03;Araguacema;Nova Conquista;1-1
tocantins;1;2021;2021-03-03;Tocantins Miracema;Capital Fc;1-1
tocantins;1;2021;2021-03-03;Gurupi;Palmas;1-5
tocantins;1;2021;2021-03-03;Tocantinópolis;Interporto;0-1
tocantins;1;2021;2021-03-06;Nova Conquista;Tocantinópolis;0-3
tocantins;1;2021;2021-03-07;Tocantins Miracema;Interporto;3-1
tocantins;1;2021;2021-03-10;Tocantinópolis;Gurupi;4-1
tocantins;1;2021;2021-03-10;Interporto;Capital Fc;2-0
tocantins;1;2021;2021-03-10;Araguacema;Tocantins Miracema;3-2
tocantins;1;2021;2021-03-10;Nova Conquista;Palmas;2-2
tocantins;1;2021;2021-03-13;Nova Conquista;Tocantins Miracema;1-1
tocantins;1;2021;2021-03-14;Araguacema;Tocantinópolis;1-0
tocantins;1;2021;2021-04-01;Capital Fc;Gurupi;1-1
tocantins;1;2021;2021-04-01;Palmas;Araguacema;5-1
tocantins;1;2021;2021-12-12;Palmas;Capital Fc;1-0
tocantins;1;2021;2021-12-12;Gurupi;Interporto;0-4
tocantins;1;2021;2021-12-18;Tocantinópolis;Palmas;4-1
tocantins;1;2021;2021-12-18;Capital Fc;Araguacema;1-3
tocantins;1;2021;2021-12-18;Interporto;Nova Conquista;2-1
tocantins;1;2021;2021-12-21;Araguacema;Interporto;1-1
tocantins;1;2021;2021-12-21;Palmas;Tocantinópolis;1-2
tocantins;1;2021;2021-12-24;Interporto;Araguacema;"0-0(9-10 Pen.)"
tocantins;1;2021;2021-12-24;Tocantinópolis;Palmas;3-1
tocantins;1;2021;2021-12-27;Araguacema;Tocantinópolis;0-1
tocantins;1;2021;2021-12-30;Tocantinópolis;Araguacema;1-0
tocantins;1;2020;2020-01-25;Atlético Cerrado;Nova Conquista;0-0
tocantins;1;2020;2020-01-26;Palmas;Tocantinópolis;3-0
tocantins;1;2020;2020-02-02;Araguacema;Palmas;0-2
tocantins;1;2020;2020-02-09;Araguacema;Atlético Cerrado;5-0
tocantins;1;2020;2020-02-09;Interporto;Nova Conquista;3-1
tocantins;1;2020;2020-02-09;Tocantinópolis;Capital Fc;1-0
tocantins;1;2020;2020-02-09;Sparta-TO;Palmas;0-1
tocantins;1;2020;2020-02-12;Nova Conquista;Sparta-TO;1-1
tocantins;1;2020;2020-02-12;Interporto;Capital Fc;6-0
tocantins;1;2020;2020-02-15;Capital Fc;Nova Conquista;0-1
tocantins;1;2020;2020-02-15;Atlético Cerrado;Sparta-TO;1-0
tocantins;1;2020;2020-02-16;Tocantinópolis;Interporto;0-1
tocantins;1;2020;2020-02-18;Capital Fc;Atlético Cerrado;4-1
tocantins;1;2020;2020-02-19;Sparta-TO;Araguacema;0-2
tocantins;1;2020;2020-02-19;Palmas;Interporto;2-2
tocantins;1;2020;2020-02-22;Palmas;Atlético Cerrado;4-1
tocantins;1;2020;2020-02-22;Interporto;Araguacema;3-0
tocantins;1;2020;2020-02-22;Nova Conquista;Tocantinópolis;1-2
tocantins;1;2020;2020-02-22;Sparta-TO;Capital Fc;1-2
tocantins;1;2020;2020-02-29;Atlético Cerrado;Tocantinópolis;0-3
tocantins;1;2020;2020-03-01;Araguacema;Nova Conquista;0-0
tocantins;1;2020;2020-03-01;Palmas;Capital Fc;1-0
tocantins;1;2020;2020-03-01;Sparta-TO;Interporto;1-0
tocantins;1;2020;2020-03-04;Tocantinópolis;Araguacema;3-3
tocantins;1;2020;2020-03-08;Interporto;Atlético Cerrado;5-1
tocantins;1;2020;2020-03-08;Tocantinópolis;Sparta-TO;2-1
tocantins;1;2020;2020-03-08;Nova Conquista;Palmas;0-5
tocantins;1;2020;2020-03-08;Capital Fc;Araguacema;0-2
tocantins;1;2020;2020-03-15;Araguacema;Palmas;0-1
tocantins;1;2020;2020-03-15;Tocantinópolis;Interporto;0-0
tocantins;1;2020;2021-01-25;Interporto;Tocantinópolis;"2-2(2-4 Pen.)"
tocantins;1;2020;2021-02-05;Palmas;Araguacema;0-0
tocantins;1;2020;2021-02-10;Tocantinópolis;Palmas;3-3
tocantins;1;2020;2021-02-14;Palmas;Tocantinópolis;1-0
regional;0;2025;2025-01-22;Ceilândia;Capital CF;"1-1(0-3 Pen.)"
regional;0;2025;2025-01-22;Gazin Porto Velho EC;SC Humaitá;3-2
regional;0;2025;2025-01-22;Tocantinópolis;GAS;2-1
regional;0;2025;2025-01-22;Vitória-ES;Rio Branco-ES;1-2
regional;0;2025;2025-01-22;Águia;Independência-AC;"1-1(3-1 Pen.)"
regional;0;2025;2025-01-22;União Rondonópolis;União Atlético;3-0
regional;0;2025;2025-01-22;São Raimundo-RR;Trem;4-1
regional;0;2025;2025-01-22;Operário-MS;Luverdense;0-1
regional;0;2025;2025-02-04;Aparecidense;União Rondonópolis;2-3
regional;0;2025;2025-02-04;Vila Nova;Luverdense;"1-1(9-8 Pen.)"
regional;0;2025;2025-02-05;Paysandu;Gazin Porto Velho EC;"1-1(5-4 Pen.)"
regional;0;2025;2025-02-05;Amazonas FC;Tocantinópolis;5-1
regional;0;2025;2025-02-06;Brasiliense;Capital CF;"0-0(5-3 Pen.)"
regional;0;2025;2025-02-06;Goiás;Rio Branco-ES;6-0
regional;0;2025;2025-02-06;Remo;São Raimundo-RR;"1-1(3-4 Pen.)"
regional;0;2025;2025-02-06;Manaus FC;Águia;3-2
regional;0;2025;2025-02-12;União Rondonópolis;Goiás;0-2
regional;0;2025;2025-02-12;São Raimundo-RR;Amazonas FC;2-0
regional;0;2025;2025-02-13;Paysandu;Manaus FC;0-0
regional;0;2025;2025-02-13;Brasiliense;Vila Nova;1-1
regional;0;2025;2025-02-19;Vila Nova;Brasiliense;1-3
regional;0;2025;2025-02-26;Goiás;União Rondonópolis;3-0
regional;0;2025;2025-02-26;Manaus FC;Paysandu;1-4
regional;0;2025;2025-02-27;Amazonas FC;São Raimundo-RR;0-0
regional;0;2025;2025-03-12;Brasiliense;Goiás;3-3
regional;0;2025;2025-03-12;São Raimundo-RR;Paysandu;2-2
regional;0;2025;2025-03-19;Goiás;Brasiliense;"0-0(5-4 Pen.)"
regional;0;2025;2025-03-19;Paysandu;São Raimundo-RR;3-0
regional;0;2025;2025-04-09;Paysandu;Goiás;0-0
regional;0;2025;2025-04-23;Goiás;Paysandu;"1-1(4-5 Pen.)"
regional;0;2024;2024-02-22;SC Humaitá;Trem;"1-1(2-4 Pen.)"
regional;0;2024;2024-02-28;Ceilândia;Real Brasília;"0-0(4-3 Pen.)"
regional;0;2024;2024-02-28;Gazin Porto Velho EC;Anápolis;"1-1(5-3 Pen.)"
regional;0;2024;2024-02-28;Real Noroeste;Rio Branco-ES;1-2
regional;0;2024;2024-02-28;Águia;Rio Branco-AC;0-2
regional;0;2024;2024-02-28;Tocantinópolis;Manauara EC;2-1
regional;0;2024;2024-02-28;União Rondonópolis;Costa Rica EC;4-0
regional;0;2024;2024-02-29;São Raimundo-RR;Capital Fc;"3-3(4-4 Pen.)"
regional;0;2024;2024-03-05;Manaus FC;Tocantinópolis;3-2
regional;0;2024;2024-03-06;Goiás;União Rondonópolis;2-0
regional;0;2024;2024-03-06;Paysandu;Rio Branco-AC;3-0
regional;0;2024;2024-03-06;Cuiabá;Gazin Porto Velho EC;5-0
regional;0;2024;2024-03-06;Amazonas FC;Capital Fc;4-1
regional;0;2024;2024-03-07;Remo;Trem;3-1
regional;0;2024;2024-03-07;Brasiliense;Ceilândia;0-0
regional;0;2024;2024-03-12;Vila Nova;Rio Branco-ES;1-0
regional;0;2024;2024-03-20;Remo;Amazonas FC;2-1
regional;0;2024;2024-03-20;Vila Nova;Goiás;1-0
regional;0;2024;2024-03-20;Brasiliense;Cuiabá;1-4
regional;0;2024;2024-03-21;Manaus FC;Paysandu;1-0
regional;0;2024;2024-03-23;Amazonas FC;Remo;2-2
regional;0;2024;2024-03-24;Paysandu;Manaus FC;4-1
regional;0;2024;2024-03-24;Goiás;Vila Nova;1-1
regional;0;2024;2024-03-27;Cuiabá;Brasiliense;4-1
regional;0;2024;2024-04-03;Paysandu;Remo;0-0
regional;0;2024;2024-04-10;Remo;Paysandu;"1-1(3-4 Pen.)"
regional;0;2024;2024-04-17;Vila Nova;Cuiabá;2-0
regional;0;2024;2024-05-11;Cuiabá;Vila Nova;"4-2(2-4 Pen.)"
regional;0;2024;2024-05-22;Paysandu;Vila Nova;6-0
regional;0;2024;2024-05-29;Vila Nova;Paysandu;0-4
regional;0;2023;2023-02-17;Atlético-AC;São Francisco FC;3-6
regional;0;2023;2023-02-18;Ceilândia;Rio Branco-ES;1-0
regional;0;2023;2023-02-18;Tocantinópolis;Operário-MS;1-1
regional;0;2023;2023-02-18;Luverdense;Interporto;2-1
regional;0;2023;2023-02-18;SC Humaitá;Trem;2-0
regional;0;2023;2023-02-19;Castanhal;Real Ariquemes;2-3
regional;0;2023;2023-02-19;União Rondonópolis;Real Noroeste;1-0
regional;0;2023;2023-02-19;Rio Branco-AC;Princesa;0-1
regional;0;2023;2023-02-22;Paysandu;Real Ariquemes;3-0
regional;0;2023;2023-02-22;Goiás;União Rondonópolis;3-0
regional;0;2023;2023-02-22;Manaus FC;Princesa;0-2
regional;0;2023;2023-02-22;Brasiliense;Tocantinópolis;4-2
regional;0;2023;2023-02-23;Vila Nova;Luverdense;"0-0(4-3 Pen.)"
regional;0;2023;2023-03-01;Remo;SC Humaitá;4-1
regional;0;2023;2023-03-01;São Raimundo-RR;São Francisco FC;6-0
regional;0;2023;2023-03-01;Cuiabá;Ceilândia;3-0
regional;0;2023;2023-03-08;Brasiliense;Goiás;0-0
regional;0;2023;2023-03-08;Princesa;Paysandu;0-0
regional;0;2023;2023-03-15;Vila Nova;Cuiabá;0-2
regional;0;2023;2023-03-15;São Raimundo-RR;Remo;1-0
regional;0;2023;2023-03-22;Remo;São Raimundo-RR;3-0
regional;0;2023;2023-03-22;Cuiabá;Vila Nova;1-1
regional;0;2023;2023-03-23;Goiás;Brasiliense;1-0
regional;0;2023;2023-03-23;Paysandu;Princesa;"0-0(5-3 Pen.)"
regional;0;2023;2023-03-26;Paysandu;Remo;0-1
regional;0;2023;2023-03-26;Cuiabá;Goiás;1-0
regional;0;2023;2023-03-29;Goiás;Cuiabá;2-0
regional;0;2023;2023-03-29;Remo;Paysandu;"1-2(2-4 Pen.)"
regional;0;2023;2023-05-17;Paysandu;Goiás;0-2
regional;0;2023;2023-05-31;Goiás;Paysandu;2-1
regional;0;2022;2022-10-25;SC Humaitá;Náutico-RR;3-0
regional;0;2022;2022-10-27;Goiás;Real Noroeste;"2-2(4-5 Pen.)"
regional;0;2022;2022-10-28;São Raimundo-RR;São Raimundo-AM;1-2
regional;0;2022;2022-10-28;Vila Nova;CEOV Operário;2-1
regional;0;2022;2022-10-28;Rio Branco-AC;Tuna Luso;"1-1(Pro.)"
regional;0;2022;2022-10-29;Real Ariquemes;Tocantinópolis;0-4
regional;0;2022;2022-10-29;Cuiabá;Costa Rica EC;2-0
regional;0;2022;2022-10-29;Paysandu;SC Humaitá;3-0
regional;0;2022;2022-10-30;Luverdense;Brasiliense;0-1
regional;0;2022;2022-11-01;Vila Nova;Real Noroeste;"0-0(3-2 Pen.)"
regional;0;2022;2022-11-01;Paysandu;Tocantinópolis;2-0
regional;0;2022;2022-11-02;Tuna Luso;São Raimundo-AM;0-3
regional;0;2022;2022-11-02;Cuiabá;Brasiliense;0-3
regional;0;2022;2022-11-08;São Raimundo-AM;Paysandu;2-2
regional;0;2022;2022-11-09;Brasiliense;Vila Nova;1-1
regional;0;2022;2022-11-12;Vila Nova;Brasiliense;2-1
regional;0;2022;2022-11-12;Paysandu;São Raimundo-AM;3-0
regional;0;2022;2022-11-15;Paysandu;Vila Nova;0-0
regional;0;2022;2022-11-19;Vila Nova;Paysandu;"1-1(3-4 Pen.)"
regional;0;2021;2021-10-13;Sinop;Porto Velho Esporte Clube;0-1
regional;0;2021;2021-10-13;Fast Clube;Castanhal;0-2
regional;0;2021;2021-10-13;Águia Negra;Nova Mutum;1-3
regional;0;2021;2021-10-13;Brasiliense;Rio Branco-ES;"0-0(5-3 Pen.)"
regional;0;2021;2021-10-13;Real Ariquemes;Penarol-AM;0-2
regional;0;2021;2021-10-13;Galvez EC;Ypiranga-AP;"1-1(4-1 Pen.)"
regional;0;2021;2021-10-14;Gama;Aquidauanense;0-1
regional;0;2021;2021-10-14;Interporto;Rio Branco de Venda Nova;0-1
regional;0;2021;2021-10-19;Remo;Galvez EC;9-0
regional;0;2021;2021-10-20;Manaus FC;Porto Velho Esporte Clube;2-0
regional;0;2021;2021-10-20;São Raimundo-RR;Castanhal;1-2
regional;0;2021;2021-10-20;Rio Branco-AC;Nova Mutum;1-4
regional;0;2021;2021-10-20;Paysandu;Penarol-AM;6-0
regional;0;2021;2021-10-20;Cuiabá;Brasiliense;"0-0(6-7 Pen.)"
regional;0;2021;2021-10-21;Atlético-AC;Aquidauanense;1-1
regional;0;2021;2021-10-21;Vila Nova;Rio Branco de Venda Nova;3-0
regional;0;2021;2021-10-27;Paysandu;Castanhal;1-1
regional;0;2021;2021-10-28;Brasiliense;Nova Mutum;1-0
regional;0;2021;2021-10-28;Aquidauanense;Vila Nova;0-1
regional;0;2021;2021-11-03;Nova Mutum;Brasiliense;"1-0(3-2 Pen.)"
regional;0;2021;2021-11-04;Vila Nova;Aquidauanense;7-0
regional;0;2021;2021-11-10;Castanhal;Paysandu;1-3
regional;0;2021;2021-11-12;Manaus FC;Remo;1-1
regional;0;2021;2021-11-24;Vila Nova;Nova Mutum;3-0
regional;0;2021;2021-11-24;Remo;Manaus FC;3-0
regional;0;2021;2021-12-01;Paysandu;Remo;2-2
regional;0;2021;2021-12-02;Nova Mutum;Vila Nova;1-1
regional;0;2021;2021-12-04;Remo;Paysandu;2-0
regional;0;2021;2021-12-08;Vila Nova;Remo;0-0
regional;0;2021;2021-12-11;Remo;Vila Nova;"0-0(4-2 Pen.)"
regional;0;2020;2021-01-20;Fast Clube;Independente Tucuruí;0-2
regional;0;2020;2021-01-20;Brasiliense;Vitória-ES;4-0
regional;0;2020;2021-01-20;Palmas;Real Noroeste;2-0
regional;0;2020;2021-01-20;Aparecidense;Aquidauanense;7-0
regional;0;2020;2021-01-20;Sinop;Águia Negra;4-0
regional;0;2020;2021-01-20;São Raimundo-RR;Galvez EC;3-4
regional;0;2020;2021-01-21;Manaus FC;Ji-Paraná;5-0
regional;0;2020;2021-01-24;Santos-AP;Gama;0-2
regional;0;2020;2021-01-24;Luverdense;Brasiliense;1-2
regional;0;2020;2021-01-25;Atlético Goianiense;Sinop;5-1
regional;0;2020;2021-01-25;Atlético-AC;Manaus FC;1-5
regional;0;2020;2021-01-25;Cuiabá;Aparecidense;2-1
regional;0;2020;2021-01-27;Remo;Gama;1-0
regional;0;2020;2021-01-27;Rio Branco-AC;Independente Tucuruí;1-3
regional;0;2020;2021-01-28;Paysandu;Galvez EC;4-1
regional;0;2020;2021-02-02;Vila Nova;Palmas;3-1
regional;0;2020;2021-02-03;Manaus FC;Paysandu;1-1
regional;0;2020;2021-02-03;Remo;Independente Tucuruí;2-0
regional;0;2020;2021-02-04;Atlético Goianiense;Brasiliense;1-2
regional;0;2020;2021-02-05;Cuiabá;Vila Nova;1-0
regional;0;2020;2021-02-07;Brasiliense;Atlético Goianiense;3-1
regional;0;2020;2021-02-07;Paysandu;Manaus FC;1-2
regional;0;2020;2021-02-07;Independente Tucuruí;Remo;"3-1(0-3 Pen.)"
regional;0;2020;2021-02-08;Vila Nova;Cuiabá;3-0
regional;0;2020;2021-02-13;Manaus FC;Remo;1-1
regional;0;2020;2021-02-14;Vila Nova;Brasiliense;0-2
regional;0;2020;2021-02-18;Brasiliense;Vila Nova;"1-3(5-3 Pen.)"
regional;0;2020;2021-02-18;Remo;Manaus FC;6-2
regional;0;2020;2021-02-21;Brasiliense;Remo;2-1
regional;0;2020;2021-02-24;Remo;Brasiliense;"2-1(4-5 Pen.)"
regional;0;2025;2025-01-21;CSA;Confiança;2-1
regional;0;2025;2025-01-22;América-RN;Juazeirense;2-1
regional;0;2025;2025-01-22;Ferroviário;Sport;1-2
regional;0;2025;2025-01-22;CRB;Vitória;2-2
regional;0;2025;2025-01-22;Náutico;Ceará;1-0
regional;0;2025;2025-01-23;Fortaleza;Moto Club;2-0
regional;0;2025;2025-01-23;Sousa;Altos;2-1
regional;0;2025;2025-01-23;Bahia;Sampaio Corrêa;4-0
regional;0;2025;2025-02-04;Sampaio Corrêa;América-RN;2-2
regional;0;2025;2025-02-04;Sport;Fortaleza;0-2
regional;0;2025;2025-02-04;Vitória;Sousa;1-0
regional;0;2025;2025-02-05;Confiança;Náutico;1-0
regional;0;2025;2025-02-05;Juazeirense;Bahia;0-0
regional;0;2025;2025-02-05;Moto Club;Ferroviário;1-1
regional;0;2025;2025-02-05;Altos;CRB;1-1
regional;0;2025;2025-02-05;Ceará;CSA;1-0
regional;0;2025;2025-02-11;CRB;Moto Club;2-2
regional;0;2025;2025-02-11;Vitória;Ferroviário;2-1
regional;0;2025;2025-02-11;Altos;Fortaleza;2-1
regional;0;2025;2025-02-11;Sousa;Sport;1-2
regional;0;2025;2025-02-12;Bahia;América-RN;5-1
regional;0;2025;2025-02-12;Ceará;Confiança;1-1
regional;0;2025;2025-02-12;Náutico;Juazeirense;0-0
regional;0;2025;2025-02-13;CSA;Sampaio Corrêa;4-0
regional;0;2025;2025-02-18;América-RN;Confiança;2-1
regional;0;2025;2025-02-18;Ferroviário;Altos;1-0
regional;0;2025;2025-02-19;CRB;Sousa;4-1
regional;0;2025;2025-02-19;Sport;Moto Club;5-0
regional;0;2025;2025-02-19;Fortaleza;Vitória;1-2
regional;0;2025;2025-02-26;Sampaio Corrêa;Juazeirense;0-1
regional;0;2025;2025-02-26;CSA;Náutico;4-1
regional;0;2025;2025-03-05;Fortaleza;Ferroviário;4-0
regional;0;2025;2025-03-05;Moto Club;Sousa;3-1
regional;0;2025;2025-03-05;Vitória;Altos;1-1
regional;0;2025;2025-03-05;Sport;CRB;2-1
regional;0;2025;2025-03-06;Ceará;América-RN;1-0
regional;0;2025;2025-03-06;Sampaio Corrêa;Náutico;1-1
regional;0;2025;2025-03-06;Juazeirense;CSA;2-2
regional;0;2025;2025-03-18;Náutico;América-RN;1-0
regional;0;2025;2025-03-19;Confiança;Sampaio Corrêa;2-0
regional;0;2025;2025-03-19;CSA;Bahia;1-2
regional;0;2025;2025-03-19;Ceará;Juazeirense;2-0
regional;0;2025;2025-03-19;Sousa;Fortaleza;2-1
regional;0;2025;2025-03-19;Vitória;Sport;1-0
regional;0;2025;2025-03-20;Altos;Moto Club;1-1
regional;0;2025;2025-03-21;CRB;Ferroviário;1-2
regional;0;2025;2025-03-26;Bahia;Ceará;3-2
regional;0;2025;2025-03-26;Ferroviário;Sousa;2-0
regional;0;2025;2025-03-26;Sport;Altos;0-1
regional;0;2025;2025-03-26;Fortaleza;CRB;0-1
regional;0;2025;2025-03-26;Moto Club;Vitória;1-1
regional;0;2025;2025-06-04;Confiança;Bahia;2-0
regional;0;2025;2025-06-07;América-RN;CSA;0-1
regional;0;2025;2025-06-07;Juazeirense;Confiança;0-0
regional;0;2025;2025-06-07;Bahia;Náutico;3-1
regional;0;2025;2025-06-07;Sampaio Corrêa;Ceará;1-2
regional;0;2025;2025-07-08;Vitória;Confiança;0-1
regional;0;2025;2025-07-09;CSA;Ferroviário;2-1
regional;0;2025;2025-07-09;Sport;Ceará;"0-0(2-4 Pen.)"
regional;0;2025;2025-07-09;Bahia;Fortaleza;2-1
regional;0;2025;2025-08-20;CSA;Confiança;0-1
regional;0;2025;2025-08-20;Bahia;Ceará;1-0
regional;0;2025;2025-09-03;Confiança;Bahia;1-4
regional;0;2025;2025-09-06;Bahia;Confiança;5-0
regional;0;2024;2024-02-03;Náutico;Botafogo-PB;0-1
regional;0;2024;2024-02-03;Fortaleza;América-RN;2-1
regional;0;2024;2024-02-03;Itabaiana;CRB;0-2
regional;0;2024;2024-02-03;Treze;River-PI;1-0
regional;0;2024;2024-02-04;Altos;Vitória;0-0
regional;0;2024;2024-02-04;Bahia;Sport;2-1
regional;0;2024;2024-02-04;Juazeirense;Ceará;0-1
regional;0;2024;2024-02-04;ABC;Maranhão;2-2
regional;0;2024;2024-02-09;Sport;Treze;3-1
regional;0;2024;2024-02-10;River-PI;Bahia;1-0
regional;0;2024;2024-02-10;Botafogo-PB;Juazeirense;1-0
regional;0;2024;2024-02-10;Vitória;ABC;3-1
regional;0;2024;2024-02-10;Maranhão;Náutico;1-3
regional;0;2024;2024-02-11;CRB;Fortaleza;1-0
regional;0;2024;2024-02-11;Ceará;Altos;1-1
regional;0;2024;2024-02-11;América-RN;Itabaiana;1-2
regional;0;2024;2024-02-14;Itabaiana;Sport;1-2
regional;0;2024;2024-02-14;Altos;Maranhão;1-1
regional;0;2024;2024-02-14;Fortaleza;River-PI;3-1
regional;0;2024;2024-02-14;Náutico;Ceará;0-0
regional;0;2024;2024-02-14;Juazeirense;Vitória;2-0
regional;0;2024;2024-02-15;Treze;CRB;1-1
regional;0;2024;2024-02-15;ABC;Botafogo-PB;0-0
regional;0;2024;2024-02-15;Bahia;América-RN;3-0
regional;0;2024;2024-02-21;Vitória;Náutico;1-1
regional;0;2024;2024-02-21;Maranhão;Juazeirense;2-1
regional;0;2024;2024-02-21;Sport;Fortaleza;1-1
regional;0;2024;2024-02-22;Botafogo-PB;Altos;1-2
regional;0;2024;2024-02-28;América-RN;Treze;2-2
regional;0;2024;2024-02-28;River-PI;Itabaiana;1-0
regional;0;2024;2024-02-28;Ceará;ABC;2-2
regional;0;2024;2024-02-28;CRB;Bahia;0-1
regional;0;2024;2024-03-05;Náutico;River-PI;0-1
regional;0;2024;2024-03-06;Vitória;Itabaiana;3-1
regional;0;2024;2024-03-06;Juazeirense;América-RN;1-2
regional;0;2024;2024-03-06;Maranhão;Treze;1-0
regional;0;2024;2024-03-06;Ceará;Bahia;1-2
regional;0;2024;2024-03-06;Altos;Sport;1-2
regional;0;2024;2024-03-06;ABC;CRB;2-2
regional;0;2024;2024-03-07;Botafogo-PB;Fortaleza;1-1
regional;0;2024;2024-03-20;CRB;Juazeirense;3-1
regional;0;2024;2024-03-20;América-RN;ABC;1-0
regional;0;2024;2024-03-20;River-PI;Altos;0-0
regional;0;2024;2024-03-20;Fortaleza;Ceará;0-1
regional;0;2024;2024-03-20;Sport;Náutico;2-2
regional;0;2024;2024-03-20;Bahia;Vitória;2-1
regional;0;2024;2024-03-21;Treze;Botafogo-PB;0-0
regional;0;2024;2024-03-21;Itabaiana;Maranhão;3-4
regional;0;2024;2024-03-23;Altos;América-RN;1-1
regional;0;2024;2024-03-23;ABC;Sport;0-2
regional;0;2024;2024-03-23;Fortaleza;Vitória;0-1
regional;0;2024;2024-03-24;Treze;Ceará;0-1
regional;0;2024;2024-03-24;Itabaiana;Botafogo-PB;0-1
regional;0;2024;2024-03-24;Bahia;Maranhão;1-0
regional;0;2024;2024-03-24;Náutico;CRB;1-1
regional;0;2024;2024-03-24;Juazeirense;River-PI;4-1
regional;0;2024;2024-03-27;Ceará;Itabaiana;2-1
regional;0;2024;2024-03-27;Sport;Juazeirense;3-0
regional;0;2024;2024-03-27;CRB;Altos;2-0
regional;0;2024;2024-03-27;Vitória;Treze;3-0
regional;0;2024;2024-03-27;Botafogo-PB;Bahia;4-0
regional;0;2024;2024-03-27;América-RN;Náutico;1-0
regional;0;2024;2024-03-27;River-PI;ABC;0-1
regional;0;2024;2024-03-27;Maranhão;Fortaleza;3-2
regional;0;2024;2024-04-09;CRB;Botafogo-PB;"0-0(4-3 Pen.)"
regional;0;2024;2024-04-10;Sport;Ceará;2-1
regional;0;2024;2024-04-10;Bahia;Náutico;3-0
regional;0;2024;2024-04-19;Fortaleza;Altos;5-0
regional;0;2024;2024-05-26;Sport;Fortaleza;1-4
regional;0;2024;2024-05-26;Bahia;CRB;"0-0(7-8 Pen.)"
regional;0;2024;2024-06-05;Fortaleza;CRB;2-0
regional;0;2024;2024-06-09;CRB;Fortaleza;"2-0(4-5 Pen.)"
regional;0;2023;2023-01-21;Fluminense-PI;CSA;0-0
regional;0;2023;2023-01-21;Fortaleza;Campinense;2-0
regional;0;2023;2023-01-21;Vitória;Santa Cruz;1-1
regional;0;2023;2023-01-21;Sport;ABC;2-0
regional;0;2023;2023-01-22;CRB;Sergipe;1-0
regional;0;2023;2023-01-22;Atlético-BA;Náutico;0-1
regional;0;2023;2023-01-22;Ferroviário;Ceará;3-0
regional;0;2023;2023-01-22;Sampaio Corrêa;Bahia;1-0
regional;0;2023;2023-01-26;Fortaleza;Sergipe;1-0
regional;0;2023;2023-02-04;Náutico;CRB;2-2
regional;0;2023;2023-02-04;Ceará;Sampaio Corrêa;2-0
regional;0;2023;2023-02-04;ABC;Fortaleza;2-0
regional;0;2023;2023-02-04;Bahia;Ferroviário;2-2
regional;0;2023;2023-02-05;Sergipe;Atlético-BA;4-0
regional;0;2023;2023-02-05;CSA;Vitória;3-1
regional;0;2023;2023-02-05;Campinense;Sport;0-2
regional;0;2023;2023-02-08;Santa Cruz;Fluminense-PI;2-2
regional;0;2023;2023-02-14;Campinense;CRB;0-0
regional;0;2023;2023-02-14;Santa Cruz;Atlético-BA;2-1
regional;0;2023;2023-02-14;CSA;Ferroviário;1-1
regional;0;2023;2023-02-14;Ceará;Sport;3-2
regional;0;2023;2023-02-14;Bahia;Fortaleza;0-3
regional;0;2023;2023-02-15;Sergipe;Vitória;2-1
regional;0;2023;2023-02-15;Náutico;Fluminense-PI;2-0
regional;0;2023;2023-02-15;ABC;Sampaio Corrêa;2-0
regional;0;2023;2023-02-17;CRB;Ceará;1-1
regional;0;2023;2023-02-17;Atlético-BA;Bahia;1-2
regional;0;2023;2023-02-17;Fortaleza;CSA;3-0
regional;0;2023;2023-02-18;Fluminense-PI;Campinense;1-2
regional;0;2023;2023-02-18;Ferroviário;Sergipe;0-0
regional;0;2023;2023-02-18;Vitória;ABC;1-1
regional;0;2023;2023-02-18;Sampaio Corrêa;Náutico;1-0
regional;0;2023;2023-02-22;CRB;Santa Cruz;2-1
regional;0;2023;2023-02-22;Sampaio Corrêa;CSA;1-1
regional;0;2023;2023-02-22;Fluminense-PI;Ceará;2-5
regional;0;2023;2023-02-22;Sport;Bahia;6-0
regional;0;2023;2023-02-22;Ferroviário;ABC;2-2
regional;0;2023;2023-02-23;Vitória;Náutico;2-3
regional;0;2023;2023-02-23;Atlético-BA;Campinense;2-1
regional;0;2023;2023-02-26;Fortaleza;Náutico;2-1
regional;0;2023;2023-03-04;Náutico;Sport;0-2
regional;0;2023;2023-03-04;CSA;CRB;0-0
regional;0;2023;2023-03-04;Campinense;Ferroviário;2-3
regional;0;2023;2023-03-04;ABC;Atlético-BA;3-0
regional;0;2023;2023-03-05;Sergipe;Fluminense-PI;3-1
regional;0;2023;2023-03-05;Bahia;Vitória;1-1
regional;0;2023;2023-03-05;Ceará;Fortaleza;2-0
regional;0;2023;2023-03-05;Santa Cruz;Sampaio Corrêa;3-1
regional;0;2023;2023-03-07;Atlético-BA;CSA;1-0
regional;0;2023;2023-03-07;CRB;ABC;1-0
regional;0;2023;2023-03-08;Sampaio Corrêa;Campinense;1-1
regional;0;2023;2023-03-08;Ferroviário;Santa Cruz;2-1
regional;0;2023;2023-03-08;Sport;Sergipe;2-1
regional;0;2023;2023-03-08;Vitória;Ceará;2-0
regional;0;2023;2023-03-14;Fluminense-PI;Bahia;1-1
regional;0;2023;2023-03-18;Sport;Santa Cruz;0-0
regional;0;2023;2023-03-22;ABC;Fluminense-PI;3-0
regional;0;2023;2023-03-22;Bahia;CRB;3-0
regional;0;2023;2023-03-22;Sergipe;Sampaio Corrêa;2-2
regional;0;2023;2023-03-22;Ceará;Atlético-BA;3-1
regional;0;2023;2023-03-22;Campinense;Vitória;2-1
regional;0;2023;2023-03-22;CSA;Sport;1-3
regional;0;2023;2023-03-22;Santa Cruz;Fortaleza;0-4
regional;0;2023;2023-03-22;Náutico;Ferroviário;3-2
regional;0;2023;2023-03-25;Fortaleza;Ferroviário;4-0
regional;0;2023;2023-03-26;ABC;Náutico;3-1
regional;0;2023;2023-03-26;Sport;CRB;4-0
regional;0;2023;2023-03-26;Ceará;Sergipe;3-1
regional;0;2023;2023-03-29;Sport;ABC;1-0
regional;0;2023;2023-03-29;Fortaleza;Ceará;2-3
regional;0;2023;2023-04-19;Ceará;Sport;2-1
regional;0;2023;2023-05-03;Sport;Ceará;"1-0(2-4 Pen.)"
regional;0;2022;2022-01-22;CRB;Sport;1-0
regional;0;2022;2022-01-23;Altos;Atlético-BA;1-1
regional;0;2022;2022-01-23;Sousa;CSA;1-0
regional;0;2022;2022-01-25;Náutico;Campinense;0-0
regional;0;2022;2022-01-29;Campinense;Bahia;1-3
regional;0;2022;2022-01-29;Sport;Náutico;3-2
regional;0;2022;2022-01-29;Globo FC;Floresta-CE;1-1
regional;0;2022;2022-01-30;CSA;Botafogo-PB;3-0
regional;0;2022;2022-01-30;Fortaleza;Sousa;5-0
regional;0;2022;2022-01-30;Sampaio Corrêa;Altos;2-1
regional;0;2022;2022-01-31;Sergipe;Ceará;0-1
regional;0;2022;2022-02-02;Floresta-CE;Fortaleza;0-2
regional;0;2022;2022-02-05;Fortaleza;Ceará;1-1
regional;0;2022;2022-02-05;Atlético-BA;Bahia;2-1
regional;0;2022;2022-02-05;Sampaio Corrêa;Náutico;0-1
regional;0;2022;2022-02-06;Sergipe;Altos;1-3
regional;0;2022;2022-02-06;Globo FC;Botafogo-PB;1-1
regional;0;2022;2022-02-08;Sport;Sousa;1-0
regional;0;2022;2022-02-08;CSA;Floresta-CE;2-0
regional;0;2022;2022-02-09;Ceará;Globo FC;5-0
regional;0;2022;2022-02-09;Campinense;CRB;1-1
regional;0;2022;2022-02-12;Botafogo-PB;Atlético-BA;1-0
regional;0;2022;2022-02-12;Náutico;Fortaleza;2-2
regional;0;2022;2022-02-12;Bahia;Globo FC;5-0
regional;0;2022;2022-02-12;Ceará;Sampaio Corrêa;1-1
regional;0;2022;2022-02-13;Floresta-CE;Campinense;4-3
regional;0;2022;2022-02-13;Sousa;Sergipe;0-0
regional;0;2022;2022-02-13;CRB;CSA;1-1
regional;0;2022;2022-02-15;Botafogo-PB;Fortaleza;1-1
regional;0;2022;2022-02-15;Ceará;Sport;0-0
regional;0;2022;2022-02-15;Náutico;Atlético-BA;3-0
regional;0;2022;2022-02-16;Sousa;Sampaio Corrêa;3-2
regional;0;2022;2022-02-16;Bahia;CSA;1-1
regional;0;2022;2022-02-16;Altos;Campinense;1-0
regional;0;2022;2022-02-17;Floresta-CE;Sergipe;1-0
regional;0;2022;2022-02-17;CRB;Globo FC;2-0
regional;0;2022;2022-02-19;Atlético-BA;Ceará;0-1
regional;0;2022;2022-02-19;Fortaleza;Bahia;3-1
regional;0;2022;2022-02-19;Campinense;Sousa;2-1
regional;0;2022;2022-02-20;CSA;Náutico;3-1
regional;0;2022;2022-02-20;Globo FC;Altos;1-0
regional;0;2022;2022-02-20;Sergipe;CRB;1-2
regional;0;2022;2022-02-20;Sampaio Corrêa;Floresta-CE;3-0
regional;0;2022;2022-02-24;Bahia;Sampaio Corrêa;2-0
regional;0;2022;2022-02-24;Sport;Botafogo-PB;0-1
regional;0;2022;2022-02-27;Altos;Sport;0-0
regional;0;2022;2022-03-02;Botafogo-PB;Sergipe;3-0
regional;0;2022;2022-03-05;CRB;Sampaio Corrêa;1-0
regional;0;2022;2022-03-05;Altos;Fortaleza;1-1
regional;0;2022;2022-03-05;Bahia;Sport;2-3
regional;0;2022;2022-03-05;Ceará;CSA;2-0
regional;0;2022;2022-03-06;Floresta-CE;Atlético-BA;1-2
regional;0;2022;2022-03-06;Botafogo-PB;Campinense;1-1
regional;0;2022;2022-03-06;Náutico;Sergipe;3-0
regional;0;2022;2022-03-06;Sousa;Globo FC;5-1
regional;0;2022;2022-03-10;Atlético-BA;CRB;1-0
regional;0;2022;2022-03-19;Fortaleza;CRB;2-0
regional;0;2022;2022-03-19;Sport;Floresta-CE;3-0
regional;0;2022;2022-03-19;Sergipe;Bahia;1-3
regional;0;2022;2022-03-19;Sampaio Corrêa;Botafogo-PB;0-2
regional;0;2022;2022-03-19;Campinense;Ceará;0-1
regional;0;2022;2022-03-19;Globo FC;Náutico;0-2
regional;0;2022;2022-03-19;Atlético-BA;Sousa;0-0
regional;0;2022;2022-03-19;CSA;Altos;3-0
regional;0;2022;2022-03-22;Fortaleza;Atlético-BA;5-1
regional;0;2022;2022-03-22;CSA;Sport;"0-0(1-3 Pen.)"
regional;0;2022;2022-03-23;Botafogo-PB;Náutico;"1-1(3-4 Pen.)"
regional;0;2022;2022-03-24;Ceará;CRB;"0-0(3-4 Pen.)"
regional;0;2022;2022-03-26;Fortaleza;Náutico;2-0
regional;0;2022;2022-03-27;Sport;CRB;3-1
regional;0;2022;2022-03-31;Sport;Fortaleza;1-1
regional;0;2022;2022-04-03;Fortaleza;Sport;1-0
regional;0;2021;2021-02-27;Vitória;Santa Cruz;2-0
regional;0;2021;2021-02-27;Botafogo-PB;4 de Julho;0-0
regional;0;2021;2021-02-27;Altos;Confiança;2-1
regional;0;2021;2021-02-28;CSA;Treze;1-1
regional;0;2021;2021-02-28;Salgueiro;Bahia;2-3
regional;0;2021;2021-02-28;Sport;Sampaio Corrêa;1-1
regional;0;2021;2021-03-01;ABC;Ceará;1-1
regional;0;2021;2021-03-03;Fortaleza;CRB;1-0
regional;0;2021;2021-03-06;Ceará;Vitória;3-1
regional;0;2021;2021-03-06;CRB;Sport;2-0
regional;0;2021;2021-03-06;Bahia;Botafogo-PB;1-1
regional;0;2021;2021-03-06;Treze;Altos;1-0
regional;0;2021;2021-03-06;Sampaio Corrêa;Fortaleza;0-2
regional;0;2021;2021-03-07;4 de Julho;Salgueiro;1-0
regional;0;2021;2021-03-07;Santa Cruz;ABC;0-1
regional;0;2021;2021-03-07;Confiança;CSA;2-2
regional;0;2021;2021-03-11;Salgueiro;Santa Cruz;1-0
regional;0;2021;2021-03-13;Vitória;Bahia;1-0
regional;0;2021;2021-03-13;Altos;Ceará;0-0
regional;0;2021;2021-03-13;Fortaleza;Treze;1-1
regional;0;2021;2021-03-13;ABC;Confiança;1-1
regional;0;2021;2021-03-13;Botafogo-PB;Sampaio Corrêa;1-1
regional;0;2021;2021-03-14;CSA;CRB;1-1
regional;0;2021;2021-03-17;Sport;4 de Julho;1-1
regional;0;2021;2021-03-20;4 de Julho;Altos;0-2
regional;0;2021;2021-03-20;Ceará;Fortaleza;0-0
regional;0;2021;2021-03-20;Bahia;Sport;4-0
regional;0;2021;2021-03-20;Confiança;Salgueiro;0-0
regional;0;2021;2021-03-20;Santa Cruz;CSA;1-2
regional;0;2021;2021-03-20;Sampaio Corrêa;Vitória;1-1
regional;0;2021;2021-03-21;Treze;ABC;0-2
regional;0;2021;2021-03-21;CRB;Botafogo-PB;2-1
regional;0;2021;2021-03-23;Altos;Sampaio Corrêa;0-1
regional;0;2021;2021-03-23;Sport;Confiança;0-1
regional;0;2021;2021-03-23;Fortaleza;Santa Cruz;0-1
regional;0;2021;2021-03-23;CSA;Bahia;2-0
regional;0;2021;2021-03-24;Vitória;CRB;1-1
regional;0;2021;2021-03-24;Salgueiro;Treze;1-0
regional;0;2021;2021-03-25;Botafogo-PB;Ceará;1-1
regional;0;2021;2021-03-27;4 de Julho;Fortaleza;1-2
regional;0;2021;2021-03-27;Confiança;Vitória;0-0
regional;0;2021;2021-03-28;Bahia;Altos;5-0
regional;0;2021;2021-03-29;Sampaio Corrêa;Salgueiro;3-2
regional;0;2021;2021-03-30;CRB;ABC;2-0
regional;0;2021;2021-03-31;Ceará;CSA;2-0
regional;0;2021;2021-03-31;Santa Cruz;Sport;1-2
regional;0;2021;2021-04-01;Treze;Botafogo-PB;1-0
regional;0;2021;2021-04-03;Fortaleza;Bahia;2-1
regional;0;2021;2021-04-03;Sport;Ceará;0-4
regional;0;2021;2021-04-03;ABC;Sampaio Corrêa;1-1
regional;0;2021;2021-04-03;CSA;4 de Julho;2-2
regional;0;2021;2021-04-04;Altos;Santa Cruz;2-0
regional;0;2021;2021-04-04;Salgueiro;CRB;1-1
regional;0;2021;2021-04-04;Vitória;Treze;3-1
regional;0;2021;2021-04-05;Botafogo-PB;Confiança;0-0
regional;0;2021;2021-04-07;ABC;4 de Julho;2-2
regional;0;2021;2021-04-10;Bahia;ABC;2-1
regional;0;2021;2021-04-10;Ceará;Salgueiro;3-0
regional;0;2021;2021-04-10;Confiança;Fortaleza;0-1
regional;0;2021;2021-04-10;Treze;Sport;2-2
regional;0;2021;2021-04-10;Sampaio Corrêa;CSA;0-0
regional;0;2021;2021-04-10;CRB;Altos;1-1
regional;0;2021;2021-04-10;4 de Julho;Vitória;1-1
regional;0;2021;2021-04-10;Santa Cruz;Botafogo-PB;0-1
regional;0;2021;2021-04-17;Fortaleza;CSA;2-1
regional;0;2021;2021-04-17;Bahia;CRB;4-0
regional;0;2021;2021-04-17;Vitória;Altos;2-1
regional;0;2021;2021-04-18;Ceará;Sampaio Corrêa;3-0
regional;0;2021;2021-04-24;Ceará;Vitória;2-0
regional;0;2021;2021-04-24;Fortaleza;Bahia;"0-0(2-4 Pen.)"
regional;0;2021;2021-05-01;Bahia;Ceará;0-1
regional;0;2021;2021-05-08;Ceará;Bahia;"1-2(2-4 Pen.)"
regional;0;2020;2020-01-21;Imperatriz;CRB;2-1
regional;0;2020;2020-01-23;Náutico;River-PI;1-1
regional;0;2020;2020-01-25;Santa Cruz;Bahia;0-0
regional;0;2020;2020-01-25;Vitória;Fortaleza;0-0
regional;0;2020;2020-01-25;CSA;Sport;0-1
regional;0;2020;2020-01-25;América-RN;Botafogo-PB;0-0
regional;0;2020;2020-01-25;Confiança;ABC;1-0
regional;0;2020;2020-01-26;Ceará;Frei Paulistano;2-2
regional;0;2020;2020-01-28;Bahia;Imperatriz;2-0
regional;0;2020;2020-01-29;CRB;Santa Cruz;1-0
regional;0;2020;2020-02-01;Sport;Vitória;1-1
regional;0;2020;2020-02-01;River-PI;CSA;3-1
regional;0;2020;2020-02-01;Fortaleza;Ceará;1-1
regional;0;2020;2020-02-01;Botafogo-PB;Confiança;1-1
regional;0;2020;2020-02-01;Frei Paulistano;Náutico;0-2
regional;0;2020;2020-02-02;ABC;América-RN;2-1
regional;0;2020;2020-02-06;Sport;Imperatriz;2-2
regional;0;2020;2020-02-08;Fortaleza;Santa Cruz;3-0
regional;0;2020;2020-02-08;Botafogo-PB;Náutico;2-1
regional;0;2020;2020-02-08;ABC;Ceará;0-0
regional;0;2020;2020-02-08;Bahia;Vitória;0-2
regional;0;2020;2020-02-08;Frei Paulistano;Confiança;2-4
regional;0;2020;2020-02-09;CRB;CSA;1-1
regional;0;2020;2020-02-09;River-PI;América-RN;2-3
regional;0;2020;2020-02-13;Santa Cruz;ABC;1-0
regional;0;2020;2020-02-15;Ceará;Bahia;2-2
regional;0;2020;2020-02-15;América-RN;CRB;1-1
regional;0;2020;2020-02-15;Náutico;Sport;2-0
regional;0;2020;2020-02-15;Confiança;River-PI;2-0
regional;0;2020;2020-02-16;Vitória;Frei Paulistano;0-0
regional;0;2020;2020-02-16;CSA;Botafogo-PB;0-1
regional;0;2020;2020-02-17;Imperatriz;Fortaleza;1-2
regional;0;2020;2020-02-19;CSA;Bahia;0-2
regional;0;2020;2020-02-22;Confiança;Fortaleza;2-0
regional;0;2020;2020-02-22;Imperatriz;River-PI;1-0
regional;0;2020;2020-02-22;América-RN;Sport;1-1
regional;0;2020;2020-02-26;Ceará;Botafogo-PB;2-2
regional;0;2020;2020-02-26;Santa Cruz;Frei Paulistano;3-1
regional;0;2020;2020-02-27;Vitória;CRB;2-1
regional;0;2020;2020-02-27;Náutico;ABC;1-1
regional;0;2020;2020-03-03;River-PI;Ceará;0-4
regional;0;2020;2020-03-04;CRB;Náutico;2-3
regional;0;2020;2020-03-07;Bahia;Confiança;1-0
regional;0;2020;2020-03-07;Sport;Santa Cruz;1-0
regional;0;2020;2020-03-07;Fortaleza;CSA;1-0
regional;0;2020;2020-03-07;Botafogo-PB;Imperatriz;2-1
regional;0;2020;2020-03-08;ABC;Vitória;1-1
regional;0;2020;2020-03-08;Frei Paulistano;América-RN;1-0
regional;0;2020;2020-03-12;Santa Cruz;Botafogo-PB;3-0
regional;0;2020;2020-03-14;América-RN;Bahia;0-2
regional;0;2020;2020-03-14;Confiança;CRB;0-1
regional;0;2020;2020-03-14;Náutico;Fortaleza;0-3
regional;0;2020;2020-03-14;Imperatriz;ABC;3-4
regional;0;2020;2020-03-15;Ceará;Sport;2-1
regional;0;2020;2020-03-15;Vitória;River-PI;4-1
regional;0;2020;2020-03-15;CSA;Frei Paulistano;4-0
regional;0;2020;2020-07-21;Fortaleza;América-RN;3-1
regional;0;2020;2020-07-22;Sport;Confiança;1-1
regional;0;2020;2020-07-22;ABC;CSA;0-2
regional;0;2020;2020-07-22;CRB;Ceará;1-2
regional;0;2020;2020-07-22;Bahia;Náutico;4-1
regional;0;2020;2020-07-22;Botafogo-PB;Vitória;1-1
regional;0;2020;2020-07-22;River-PI;Santa Cruz;0-1
regional;0;2020;2020-07-25;Fortaleza;Sport;"0-0(4-1 Pen.)"
regional;0;2020;2020-07-25;Ceará;Vitória;1-0
regional;0;2020;2020-07-25;Confiança;Santa Cruz;"0-0(4-2 Pen.)"
regional;0;2020;2020-07-25;Bahia;Botafogo-PB;3-1
regional;0;2020;2020-07-28;Fortaleza;Ceará;0-1
regional;0;2020;2020-07-29;Bahia;Confiança;1-0
regional;0;2020;2020-08-01;Ceará;Bahia;3-1
regional;0;2020;2020-08-04;Bahia;Ceará;0-1
