clube;estado;cidade;lat;lon;ibge;wins;draws;losses;cluster_logistico
FLAMENGO;rio-de-janeiro;Rio de Janeiro;-22.9129;-43.2003;3304557.0;712;262;248;0
PALMEIRAS;sao-paulo;São Paulo;-23.5329;-46.6395;3550308.0;650;300;236;1
ATLÉTICO MINEIRO;minas-gerais;Belo Horizonte;-19.9102;-43.9266;3106200.0;576;272;266;2
FLUMINENSE;rio-de-janeiro;Rio de Janeiro;-22.9129;-43.2003;3304557.0;560;260;372;0
GRÊMIO;rio-grande-do-sul;Porto Alegre;-29.9740266;-51.1949496;4314902.0;526;300;346;7
INTERNACIONAL;rio-grande-do-sul;Porto Alegre;-30.0318;-51.2065;4314902.0;500;312;284;7
SÃO PAULO;sao-paulo;São Paulo;-23.5329;-46.6395;3550308.0;498;338;348;1
CORINTHIANS;sao-paulo;Presidente Prudente;-22.1207;-51.3925;3541406.0;476;370;344;3
BOTAFOGO;rio-de-janeiro;Rio de Janeiro;-22.95456749;-43.177563068;3304557.0;474;286;322;0
CRUZEIRO;minas-gerais;Belo Horizonte;-19.9102;-43.9266;3106200.0;428;296;280;2
CUIABÁ;mato-grosso;Cuiabá;-15.601;-56.0974;5103403.0;414;302;316;5
RED BULL BRAGANTINO;sao-paulo;Bragança Paulista;-22.9527;-46.5419;3507605.0;412;312;384;1
SANTOS;sao-paulo;Santos;-23.9535;-46.335;3548500.0;378;310;374;1
MIRASSOL;sao-paulo;Mirassol;-20.8169;-49.5206;3530300.0;364;220;274;3
AVAÍ;santa-catarina;Florianópolis;-27.5945;-48.5477;4205407.0;362;300;350;7
CRICIÚMA;santa-catarina;Criciúma;-28.6723;-49.3729;4204608.0;358;300;280;7
JUVENTUDE;rio-grande-do-sul;Caxias do Sul;-29.1629;-51.1792;4305108.0;334;338;406;7
BRUSQUE;santa-catarina;Brusque;-27.0977;-48.9107;4202909.0;332;272;294;7
PONTE PRETA;sao-paulo;Campinas;-22.9053;-47.0659;3509502.0;330;260;354;1
CHAPECOENSE;santa-catarina;Chapecó;-27.103888888;-52.606666666;4204202.0;326;304;352;7
AMÉRICA;rio-grande-do-norte;Natal;-5.79357;-35.1986;2408102.0;320;174;130;8
ABC;rio-grande-do-norte;Natal;-5.7945;-35.2119;2408102.0;312;244;196;8
GUARANI;sao-paulo;Campinas;-22.9053;-47.0659;3509502.0;296;256;356;1
VOLTA REDONDA;rio-de-janeiro;Volta Redonda;-22.5202;-44.0996;3306305.0;294;218;280;0
ITUANO;sao-paulo;Itu;-23.2544;-47.2927;3523909.0;288;260;324;1
FIGUEIRENSE;santa-catarina;Florianópolis;-27.5945;-48.5477;4205407.0;282;260;278;7
CAXIAS;rio-grande-do-sul;Caxias do Sul;-29.1629;-51.1792;4305108.0;276;204;198;7
SÃO JOSÉ;rio-grande-do-sul;Porto Alegre;-30.0318;-51.2065;4314902.0;272;218;244;7
YPIRANGA;rio-grande-do-sul;Erechim;-27.6364;-52.2697;4307005.0;270;208;230;7
FERROVIÁRIA;sao-paulo;Botucatu;-22.8837;-48.4437;3507506.0;255;246;185;1
BOTAFOGO;sao-paulo;Guará;-20.4302;-47.8236;3517703.0;254;248;382;3
TOMBENSE;minas-gerais;Tombos;-20.9086;-42.0228;3169208.0;240;250;258;2
NOVA IGUAÇU;rio-de-janeiro;Nova Iguaçu;-22.7556;-43.4603;3303500.0;236;204;188;0
ATHLETICO PARANAENSE;parana;Curitiba;-25.4195;-49.2646;4106902.0;223;125;184;7
ATHLETIC;minas-gerais;São João del-Rei;-21.1353;-44.2614;3162500.0;220;96;156;2
MARCÍLIO DIAS;santa-catarina;Itajaí;-26.9101;-48.6705;4208203.0;218;228;180;7
PORTUGUESA;rio-de-janeiro;Rio de Janeiro;-22.9129;-43.2003;3304557.0;216;234;170;0
REAL NOROESTE;espirito-santo;Águia Branca;-18.9846;-40.7437;3200136.0;214;166;210;2
GRÊMIO NOVORIZONTINO;sao-paulo;Novo Horizonte;-21.4681;-49.2211;3533502.0;206;133;134;3
VITÓRIA;espirito-santo;Vitória;-20.3155;-40.3128;3205309.0;198;92;116;2
FORTALEZA;ceara;Fortaleza;-3.71664;-38.5423;2304400.0;197;128;151;9
ATLÉTICO GOIANIENSE;goias;Goiânia;-16.6864;-49.2643;5208707.0;197;150;163;6
RIO BRANCO;espirito-santo;Vitória;-20.3155;-40.3128;3205309.0;196;120;148;2
BAHIA;bahia;Salvador;-12.9718;-38.5011;2927408.0;196;119;182;11
CRB;alagoas;Maceió;-9.6658;-35.735;2704302.0;190;109;154;11
INTER DE LIMEIRA;sao-paulo;Caraguatatuba;-23.6125;-45.4125;3510500.0;190;160;216;1
SÃO BERNARDO;sao-paulo;São Bernardo do Campo;-23.6914;-46.5646;3548708.0;184;127;123;1
GOIÁS;goias;Goiânia;-16.6864;-49.2643;5208707.0;175;127;158;6
DEMOCRATA;minas-gerais;Governador Valadares;-18.8545;-41.9555;3127701.0;168;166;210;2
CEARÁ;ceara;Fortaleza;-3.71664;-38.5423;2304400.0;165;140;156;9
CORITIBA;parana;Curitiba;-25.4195;-49.2646;4106902.0;164;103;186;7
OPERÁRIO;mato-grosso-do-sul;Campo Grande;-20.4697;-54.6201;5002704.0;162;108;138;3
SPORT;pernambuco;Bonito;-8.47163;-35.7292;2602308.0;162;126;167;8
SANTO ANDRÉ;sao-paulo;Santo André;-23.6737;-46.5432;3547809.0;160;138;188;1
PORTUGUESA;sao-paulo;São Paulo;-23.5329;-46.6395;3550308.0;158;118;120;1
POUSO ALEGRE;minas-gerais;Pouso Alegre;-22.2266;-45.9389;3152501.0;158;118;182;1
SÃO LUIZ;rio-grande-do-sul;Ijuí;-28.388;-53.92;4310207.0;156;152;172;7
PORTO VITÓRIA;espirito-santo;Vitória;-20.3155;-40.3128;3205309.0;156;74;76;2
VITÓRIA;bahia;Salvador;-12.9718;-38.5011;2927408.0;154;130;142;11
VILA NOVA;goias;Goiânia;-16.6864;-49.2643;5208707.0;153;150;119;6
SERRA;espirito-santo;Serra;-20.121;-40.3074;3205002.0;150;82;120;2
BARRA;santa-catarina;Balneário Camboriú;-26.9922;-48.6353;4202008.0;148;104;154;7
AMÉRICA;minas_gerais;Belo Horizonte;-19.9102;-43.9266;3106200.0;148;125;141;2
COSTA RICA;mato-grosso-do-sul;Costa Rica;-18.5432;-53.1287;5003256.0;148;72;102;5
OESTE;sao-paulo;Itápolis;-21.5942;-48.8149;3522703.0;142;156;212;3
REMO;para;Belém;-1.4554;-48.4898;1501402.0;141;86;100;12
AIMORÉ;rio-grande-do-sul;São Leopoldo;-29.7545;-51.1498;4318705.0;140;92;198;7
JOINVILLE;santa-catarina;Joinville;-26.3045;-48.8487;4209102.0;140;220;186;7
VASCO DA GAMA;rio_de_janeiro;Rio de Janeiro;-22.9129;-43.2003;3304557.0;139;112;170;0
OLARIA;rio-de-janeiro;Rio de Janeiro;-22.842143012;-43.26699613;3304557.0;136;90;90;0
SAMPAIO CORRÊA;maranhao;São Luís;-2.53874;-44.2825;2111300.0;135;104;122;10
CSA;alagoas;Maceió;-9.6658;-35.735;2704302.0;133;107;111;11
PAYSANDU;para;Belém;-1.4554;-48.4898;1501402.0;132;92;110;12
NÁUTICO;pernambuco;Recife;-8.04666;-34.8771;2611606.0;130;103;114;8
CEOV OPERÁRIO;mato-grosso;Várzea Grande;-15.65;-56.1325;5108402.0;128;100;80;5
XV DE PIRACICABA;sao-paulo;Caraguatatuba;-23.6125;-45.4125;3510500.0;126;118;104;1
CONFIANÇA;sergipe;Aracaju;-10.9091;-37.0677;2800308.0;125;72;107;11
NOVA MUTUM;mato-grosso;Nova Mutum;-13.8344;-56.0728;5106224.0;124;116;112;5
BRASILIENSE;distrito_federal;Brasília;-15.8333;-48.0569;5300108.0;122;47;46;6
LONDRINA;parana;Londrina;-23.304;-51.1691;4113700.0;119;119;135;3
DOURADOS;mato-grosso-do-sul;Glória de Dourados;-22.4136;-54.2335;5004007.0;118;58;62;3
OPERÁRIO;parana;Ponta Grossa;-25.0916;-50.1668;4119905.0;113;95;121;7
POTIGUAR;rio-grande-do-norte;Mossoró;-5.18374;-37.3474;2408003.0;112;74;166;9
MIXTO;mato-grosso;Cuiabá;-15.601;-56.0974;5103403.0;110;114;100;5
PÉROLAS NEGRAS;rio-de-janeiro;Piraí;-22.6289;-43.8972;3304003.0;110;86;100;0
SANTA CRUZ DE NATAL;rio-grande-do-norte;Santa Cruz;-6.22475;-36.0193;2411205.0;110;66;162;8
SÃO BENTO;sao-paulo;Sorocaba;-23.4969;-47.4451;3552205.0;108;156;150;1
APARECIDENSE;goias;Aparecida de Goiânia;-16.8198;-49.2469;5201405.0;107;63;95;6
RESENDE;rio-de-janeiro;Resende;-22.4705;-44.4509;3304201.0;106;112;220;0
LUVERDENSE;mato-grosso;Lucas do Rio Verde;-13.0588;-55.9042;5105259.0;106;78;122;5
BOAVISTA;rio-de-janeiro;Saquarema;-22.9292;-42.5099;3305505.0;106;126;176;0
URT;minas-gerais;Patos de Minas;-18.5853;-46.5181;3148004.0;106;74;110;3
AMAZONAS;amazonas;Manaus;-3.11866;-60.0212;1302603.0;105;64;78;13
AUDAX RIO;rio-de-janeiro;São João de Meriti;-22.8058;-43.3729;3305109.0;104;78;186;0
CALDENSE;minas-gerais;Poços de Caldas;-21.78;-46.5692;3151800.0;104;80;178;1
BANGU;rio-de-janeiro;Rio de Janeiro;-22.9129;-43.2003;3304557.0;102;136;188;0
UBERLÂNDIA;minas-gerais;Uberlândia;-18.9141;-48.2749;3170206.0;102;110;142;3
CASCAVEL;parana;Cascavel;-24.9573;-53.459;4104808.0;100;89;80;3
FERROVIÁRIO;ceara;Catarina;-6.12291;-39.8736;2303600.0;99;70;81;9
HERCÍLIO LUZ;santa-catarina;Tubarão;-28.4713;-49.0144;4218707.0;98;80;65;7
MADUREIRA;rio-de-janeiro;Rio de Janeiro;-22.9129;-43.2003;3304557.0;98;90;156;0
MARINGÁ;parana;Maringá;-23.4205;-51.9333;4115200.0;95;60;41;3
NOVO HAMBURGO;rio-grande-do-sul;Novo Hamburgo;-29.6875;-51.1328;4313409.0;94;126;150;7
ALTOS;piaui;Altos;-5.03888;-42.4612;2200400.0;92;69;68;10
MARÍLIA;sao-paulo;Marília;-22.2171;-49.9501;3529005.0;92;68;72;3
GLOBO;rio-grande-do-norte;Ceará-Mirim;-5.64323;-35.4247;2402600.0;90;84;174;8
RETRÔ;pernambuco;Camaragibe;-8.02351;-34.9782;2603454.0;89;57;54;8
CABOFRIENSE;rio-de-janeiro;Cabo Frio;-22.8894;-42.0286;3300704.0;86;76;130;0
MANAUS;amazonas;Manaus;-3.11866;-60.0212;1302603.0;86;70;61;13
BOTAFOGO;paraiba;João Pessoa;-7.11509;-34.8641;2507507.0;86;84;52;8
MONTE AZUL;sao-paulo;Monte Azul Paulista;-20.9065;-48.6387;3531506.0;82;92;122;3
ASA;alagoas;Maceió;-9.66599;-35.735;2704302.0;79;58;60;11
SANTA CRUZ;pernambuco;Recife;-8.04666;-34.8771;2611606.0;79;69;48;8
SÃO RAIMUNDO;roraima;Boa Vista;2.82384;-60.6753;1400100.0;79;37;36;13
IPATINGA;minas-gerais;Ipatinga;-19.4703;-42.5476;3131307.0;78;66;106;2
VILLA NOVA;minas-gerais;Nova Lima;-19.9758;-43.8509;3144805.0;76;58;128;2
AQUIDAUANENSE;mato-grosso-do-sul;Aquidauana;-20.4666;-55.7868;5001102.0;76;50;128;3
ÁGUIA NEGRA;mato-grosso-do-sul;Rio Brilhante;-21.8033;-54.5427;5007208.0;76;76;102;3
ITABAIANA;sergipe;Itabaiana;-10.6853;-37.4253;2802908.0;76;47;54;11
SÃO CAETANO;sao-paulo;São Caetano do Sul;-23.6229;-46.5548;3548807.0;76;72;154;1
SOUSA;paraiba;Sousa;-6.75148;-38.2311;2516201.0;75;46;59;9
FLORESTA;ceara;Fortaleza;-3.71664;-38.5423;2304400.0;75;89;91;9
ANÁPOLIS;goias;Anápolis;-16.3281;-48.953;5201108.0;73;61;52;6
NOVA VENÉCIA;espirito-santo;Nova Venécia;-18.715;-40.4053;3203908.0;72;49;37;2
MARICÁ;rio-de-janeiro;Maricá;-22.9354;-42.8246;3302700.0;71;66;51;0
CEILÂNDIA;distrito_federal;Brasília;-15.8208;-48.1122;5300108.0;71;41;42;6
ÁGUA SANTA;sao-paulo;Diadema;-23.6813;-46.6205;3513801.0;70;64;72;1
PORTUGUESA SANTISTA;sao-paulo;São Paulo;-23.5329;-46.6395;3550308.0;70;100;96;1
AMÉRICA MINEIRO;minas-gerais;Belo Horizonte;-19.9102;-43.9266;3106200.0;69;41;30;2
SAMPAIO CORRÊA;rio-de-janeiro;Rio de Janeiro;-22.9129;-43.2003;3304557.0;68;42;58;0
PELOTAS;rio-grande-do-sul;Pelotas;-31.7653;-52.3375;4314407.0;68;80;98;7
SERGIPE;sergipe;Aracaju;-10.9091;-37.0677;2800308.0;67;54;44;11
ITABIRITO;minas-gerais;Itaú de Minas;-20.7375;-46.7525;3133758.0;66;48;70;3
VASCO;rio-de-janeiro;Rio de Janeiro;-22.9129;-43.2003;3304557.0;65;40;46;0
TOCANTINÓPOLIS;tocantins;Tocantinópolis;-6.32447;-47.4224;1721208.0;64;42;51;4
UNIÃO RONDONÓPOLIS;mato-grosso;Rondonópolis;-16.4673;-54.6372;5107602.0;64;40;39;5
SÃO JOSÉ;sao-paulo;São José dos Campos;-23.1896;-45.8841;3549904.0;64;47;40;1
BAHIA DE FEIRA;bahia;Feira de Santana;-12.2664;-38.9663;2910800.0;63;49;46;11
BETIM FUTEBOL;minas-gerais;Betim;-19.9668;-44.2008;3106705.0;62;43;31;2
CAPIVARIANO;sao-paulo;Capivari;-22.9951;-47.5071;3510401.0;62;37;40;1
RIO BRANCO DE VENDA NOVA;espirito-santo;Nova Venécia;-18.715;-40.4053;3203908.0;61;40;39;2
MOTO CLUB;maranhao;São Luís;-2.5307;-44.3068;2111300.0;61;43;50;10
CONCÓRDIA;santa-catarina;Concórdia;-27.2335;-52.026;4204301.0;61;54;70;7
DESPORTIVA FERROVIÁRIA;espirito-santo;Cariacica;-20.3375;-40.3847;3201308.0;60;42;48;2
CAMBORIÚ;santa-catarina;Camboriú;-27.0241;-48.6503;4203204.0;60;43;41;7
GRÊMIO PRUDENTE;sao-paulo;Presidente Prudente;-22.1207;-51.3925;3541406.0;59;29;32;3
MARANHÃO;maranhao;Bacabal;-4.22447;-44.7832;2101202.0;58;45;28;10
CAMPINENSE;paraiba;Campina Grande;-7.22196;-35.8731;2504009.0;57;56;49;8
BRASIL;rio_grande_do_sul;Farroupilha;-29.2227;-51.3419;4307906.0;57;62;99;7
IGUATU;ceara;Iguatu;-6.36281;-39.2892;2305506.0;56;32;45;9
TREZE;paraiba;Campina Grande;-7.22196;-35.8731;2504009.0;56;46;47;8
GAMA;distrito_federal;Brasília;-16.0183;-48.0667;5300108.0;56;27;35;6
AMERICANO;rio-de-janeiro;Campos dos Goytacazes;-21.7622;-41.3181;3301009.0;55;46;46;2
PARANÁ;parana;Campo Mourão;-24.0463;-52.378;4104303.0;55;56;90;3
NOROESTE;sao-paulo;Bauru;-22.3246;-49.0871;3506003.0;55;49;40;3
JACUIPENSE;bahia;Riachão do Jacuípe;-11.8067;-39.3818;2926301.0;55;52;49;11
DUQUE DE CAXIAS;rio-de-janeiro;Duque de Caxias;-22.7858;-43.3049;3301702.0;54;44;53;0
SANTA CRUZ;rio-grande-do-sul;Santa Cruz do Sul;-29.722;-52.4343;4316808.0;54;30;36;7
ESPORTIVO;rio-grande-do-sul;Montenegro;-29.6824;-51.4679;4312401.0;54;70;94;7
JUAZEIRENSE;bahia;Juazeiro;-9.41622;-40.5033;2918407.0;53;39;47;11
TUNA LUSO;para;Belém;-1.4554;-48.4898;1501402.0;53;31;39;12
LAGARTO;sergipe;Lagarto;-10.9136;-37.6689;2803500.0;53;35;28;11
CIANORTE;parana;Cianorte;-23.6599;-52.6054;4105508.0;52;46;54;3
AMERICA;rio-de-janeiro;Rio de Janeiro;-22.9129;-43.2003;3304557.0;50;61;39;0
MANAUARA;amazonas;Manaus;-3.11866;-60.0212;1302603.0;50;31;15;13
ICASA;ceara;Juazeiro do Norte;-7.19621;-39.3076;2307304.0;49;39;30;9
RIO BRANCO;acre;Rio Branco;-9.974;-67.8076;5107206.0;49;27;34;5
VELO CLUBE;sao-paulo;Rio Claro;-22.4114;-47.5614;3543907.0;49;41;47;1
TREM;amapa;Macapá;0.034934;-51.0694;1600303.0;49;27;42;12
PRIMAVERA;sao-paulo;Indaiatuba;-23.0816;-47.2101;3520509.0;48;53;35;1
ATLÉTICO;bahia;Alagoinhas;-12.1335;-38.4208;2900702.0;48;37;49;11
CA VOTUPORANGUENSE;sao-paulo;Guaíra;-20.3196;-48.312;3517406.0;47;42;41;3
CSE;alagoas;Maceió;-9.66599;-35.735;2704302.0;47;41;39;11
SERRANO;rio-de-janeiro;Petrópolis;-22.52;-43.1926;3303906.0;46;39;47;0
OPERÁRIO FERROVIÁRIO;parana;Ponta Grossa;-25.0916;-50.1668;4119905.0;46;23;21;7
FLUMINENSE;piaui;Teresina;-5.09194;-42.8034;2211001.0;46;36;42;10
LINENSE;sao-paulo;Lins;-21.6718;-49.7526;3527108.0;46;35;49;3
GONÇALENSE;rio-de-janeiro;Petrópolis;-22.5047;-43.1814;3303906.0;46;26;25;0
XV DE JAÚ;sao-paulo;Piracicaba;-22.7338;-47.6476;3538709.0;46;25;27;1
RIVER;piaui;Teresina;-5.09194;-42.8034;2211001.0;46;34;34;10
TAQUARITINGA;sao-paulo;Taquaritinga;-21.4049;-48.5103;3553708.0;44;22;23;3
BELFORD ROXO;rio-de-janeiro;Belford Roxo;-22.764;-43.3992;3300456.0;44;20;16;0
CAPIXABA;espirito-santo;Nova Venécia;-18.715;-40.4053;3203908.0;44;33;45;2
GRÊMIO SÃO-CARLENSE;sao-paulo;São Carlos;-22.0174;-47.886;3548906.0;43;34;23;1
UNIÃO SUZANO;sao-paulo;Mogi das Cruzes;-23.5208;-46.1854;3530607.0;43;24;36;1
RIO BRANCO;sao-paulo;Americana;-22.7374;-47.3331;3501608.0;43;38;29;1
GE BRASIL;rio-grande-do-sul;Farroupilha;-29.2227;-51.3419;4307906.0;43;63;52;7
PADUANO;rio-de-janeiro;Rio de Janeiro;-22.9129;-43.2003;3304557.0;43;27;23;0
SINOP;mato-grosso;Sinop;-11.8604;-55.5091;5107909.0;42;18;92;5
CAUCAIA;ceara;Caucaia;-3.72797;-38.6619;2303709.0;42;44;56;9
MARACANÃ;ceara;Maracanaú;-3.86699;-38.6259;2307650.0;42;31;37;9
GALVEZ;acre;Rio Branco;-9.974;-67.8076;5107206.0;41;24;32;5
NACIONAL;sao-paulo;Limeira;-22.566;-47.397;3526902.0;41;32;42;1
CATANDUVA;sao-paulo;Catanduva;-21.1314;-48.977;3511102.0;41;29;24;3
OLÍMPICO;sergipe;Itabaianinha;-11.2693;-37.7875;2803005.0;41;10;15;11
CORURIPE;alagoas;Coruripe;-10.1276;-36.1717;2702306.0;40;32;33;11
DESPORTIVO BRASIL;sao-paulo;Porto Feliz;-23.2093;-47.5251;3540606.0;40;32;38;1
HUMAITÁ;acre;Porto Acre;-9.58138;-67.5478;1200807.0;40;23;54;5
CENTRAL;pernambuco;Caruaru;-8.28455;-35.9699;2604106.0;40;50;34;8
IMPERATRIZ;maranhao;Imperatriz;-5.51847;-47.4777;2105302.0;39;30;49;4
GOIÂNIA;goias;Goiânia;-16.6864;-49.2643;5208707.0;39;27;53;6
4 DE JULHO;piaui;Piripiri;-4.27157;-41.7716;2208403.0;39;40;36;10
RIO CLARO;sao-paulo;Bastos;-21.921;-50.7357;3505807.0;38;52;47;3
PAULISTA;sao-paulo;Jundiaí;-23.1852;-46.8974;3525904.0;38;24;33;1
FLAMENGO;sao-paulo;Guarulhos;-23.4538;-46.5333;3518800.0;38;24;20;1
CRUZEIRO;alagoas;Arapiraca;-9.75164;-36.6604;2700300.0;38;12;33;11
PRÓSPERA;santa-catarina;Criciúma;-28.6723;-49.3729;4204608.0;38;24;86;7
OPERÁRIO;mato-grosso;Várzea Grande;-15.65;-56.1325;5108402.0;38;24;66;5
AVENIDA;rio-grande-do-sul;Santa Cruz do Sul;-29.722;-52.4343;4316808.0;38;62;74;7
JUVENTUS;sao-paulo;São Paulo;-23.5329;-46.6395;3550308.0;38;48;49;1
TAUBATÉ;sao-paulo;Taubaté;-23.0104;-45.5593;3554102.0;38;43;54;1
VILAVELHENSE;espirito-santo;Vila Velha;-20.3417;-40.2875;3205200.0;38;25;67;2
UNIVASSOURAS ARTSUL;rio-de-janeiro;Nova Iguaçu;-22.7556;-43.4603;3303500.0;37;43;41;0
CAMPO GRANDE;rio-de-janeiro;Rio de Janeiro;-22.9129;-43.2003;3304557.0;37;24;33;0
SÃO BORJA;rio-grande-do-sul;São Borja;-28.6578;-56.0036;4318002.0;37;19;20;7
CAPITAL CF;distrito_federal;Brasília;-15.8222;-47.9781;5300108.0;37;22;14;6
GOIANÉSIA;goias;Goianésia;-15.3118;-49.1162;5208608.0;37;43;55;6
PACAJUS;ceara;Pacajus;-4.17107;-38.465;2309607.0;37;39;41;9
PARNAHYBA;piaui;Parnaíba;-2.90585;-41.7754;2207702.0;37;42;36;10
CARLOS RENAUX;santa-catarina;Brusque;-27.0977;-48.9107;4202909.0;36;32;32;7
PARANAVAÍ;parana;Paranavaí;-23.0816;-52.4617;4118402.0;36;15;17;3
COMERCIAL;sao-paulo;Ribeirão Preto;-21.1699;-47.8099;3543402.0;36;45;43;3
AÇÃO;mato-grosso;Santo Antônio de Leverger;-15.8656;-56.0767;5107802.0;36;42;78;5
JUVENTUS JARAGUÁ;santa-catarina;Jaraguá do Sul;-26.4851;-49.0713;4208906.0;36;41;49;7
GOIATUBA;goias;Goiatuba;-18.0105;-49.3658;5209101.0;36;26;30;6
SÃO GONÇALO;rio-de-janeiro;São Gonçalo;-22.8268;-43.0634;3304904.0;35;30;36;0
MAUÁ;sao-paulo;Mauá;-23.6678;-46.4614;3529401.0;35;30;23;1
ZUMBI;alagoas;União dos Palmares;-9.15921;-36.0223;2709301.0;35;10;23;11
CASTANHAL;para;Castanhal;-1.29797;-47.9167;1502400.0;35;32;30;12
SANTA CATARINA;santa-catarina;Rio do Sul;-27.2156;-49.643;4214805.0;35;28;8;7
GRAMADENSE;rio-grande-do-sul;Santa Maria;-29.6868;-53.8149;4316907.0;34;9;20;7
MURICI;alagoas;Murici;-9.30682;-35.9428;2705507.0;34;32;44;11
NAÇÃO;santa-catarina;Joinville;-26.3045;-48.8487;4209102.0;34;42;59;7
BANDEIRANTE;sao-paulo;Birigui;-21.291;-50.3432;3506508.0;34;28;36;3
NACIONAL;amazonas;Manaus;-3.11866;-60.0212;1302603.0;34;28;23;13
BOA ESPORTE;minas-gerais;Varginha;-21.5556;-45.4364;3170701.0;34;34;52;1
IPORÁ;goias;Iporá;-16.4398;-51.118;5210208.0;33;34;59;6
ITABUNA;bahia;Itabuna;-14.7876;-39.2781;2914802.0;33;28;17;11
VOCEM;sao-paulo;Assis;-22.6622;-50.4181;3504008.0;33;34;18;3
CRAC;goias;Catalão;-18.1658;-47.9461;5205108.0;33;43;38;6
GAÚCHO;rio-grande-do-sul;Passo Fundo;-28.2576;-52.4091;4314100.0;33;15;13;7
GUARANY;sergipe;Porto da Folha;-9.91626;-37.2842;2805604.0;33;19;14;11
UNI SOUZA;rio-de-janeiro;Rio de Janeiro;-22.8669;-43.3458;3304557.0;33;16;14;0
BARRA DA TIJUCA;rio-de-janeiro;Teresópolis;-22.4165;-42.9752;3305802.0;32;23;12;0
DOM BOSCO;mato-grosso;Cuiabá;-15.601;-56.0974;5103403.0;32;24;62;5
MACAÉ;rio-de-janeiro;Macaé;-22.3768;-41.7848;3302403.0;32;21;75;0
RIO GRANDE;rio-grande-do-sul;Rio Grande;-32.0349;-52.1071;4315602.0;32;19;41;7
ANAPOLINA;goias;Anápolis;-16.3281;-48.953;5201108.0;32;25;21;6
BONSUCESSO;rio-de-janeiro;Rio de Janeiro;-22.9129;-43.2003;3304557.0;32;29;29;0
GAS;roraima;Boa Vista;2.8233;-60.675;1400100.0;32;10;10;13
CARAPEBUS;rio-de-janeiro;Carapebus;-22.1821;-41.663;3300936.0;32;12;36;0
GOYTACAZ;rio-de-janeiro;Campos dos Goytacazes;-21.7622;-41.3181;3301009.0;31;16;28;2
UNIÃO BARBARENSE;sao-paulo;Mogi das Cruzes;-23.5208;-46.1854;3530607.0;31;18;22;1
FALCON;sergipe;Aracaju;-10.9091;-37.0677;2800308.0;31;27;31;11
FRANCANA;sao-paulo;Franca;-20.5352;-47.4039;3516200.0;31;31;20;3
SERRA MACAENSE;rio-de-janeiro;Macaé;-22.3768;-41.7848;3302403.0;31;27;29;0
SERTÃOZINHO;sao-paulo;Sertãozinho;-21.1316;-47.9875;3551702.0;31;40;48;3
PENAPOLENSE;sao-paulo;Penápolis;-21.4148;-50.0769;3537305.0;31;36;40;3
INTER DE BEBEDOURO;sao-paulo;Caraguatatuba;-23.6125;-45.4125;3510500.0;31;22;30;1
PASSO FUNDO;rio-grande-do-sul;Passo Fundo;-28.2576;-52.4091;4314100.0;30;10;20;7
ESTANCIANO;sergipe;Estância;-11.2659;-37.4484;2802106.0;30;12;30;11
FRIBURGUENSE;rio-de-janeiro;Nova Friburgo;-22.2932;-42.5377;3303401.0;30;28;60;0
BARRETOS;sao-paulo;Barretos;-20.5531;-48.5698;3505500.0;30;33;35;3
NAVIRAIENSE;mato-grosso-do-sul;Naviraí;-23.0618;-54.1995;5005707.0;30;19;15;3
TUPYNAMBÁS;minas-gerais;Juiz de Fora;-21.7595;-43.3398;3136702.0;30;37;49;0
MANTHIQUEIRA;sao-paulo;Guaratinguetá;-22.8075;-45.1938;3518404.0;30;11;38;1
GUARANI;minas-gerais;Divinópolis;-20.1446;-44.8912;3122306.0;30;15;25;2
NACIONAL;paraiba;Cabedelo;-6.98731;-34.8284;2503209.0;29;19;28;8
ESTRELA DO NORTE;espirito-santo;Cachoeiro de Itapemirim;-20.8462;-41.1198;3201209.0;29;21;56;2
INTERPORTO;tocantins;Porto Nacional;-10.7027;-48.408;1718204.0;29;23;21;4
ATLÉTICO;ceara;Fortaleza;-3.71664;-38.5423;2304400.0;29;27;38;9
REAL BRASÍLIA;distrito_federal;Brasília;-15.7795;-47.9297;5300108.0;29;19;32;6
GAZIN PORTO VELHO;rondonia;Porto Velho;-8.76077;-63.8999;1100205.0;29;16;21;5
SERC;mato-grosso-do-sul;Chapadão do Sul;-18.7836;-52.6178;5002951.0;29;12;34;5
PATRIOTAS;parana;Curitiba;-25.4195;-49.2646;4106902.0;29;15;17;7
SALGUEIRO;pernambuco;Salgueiro;-8.07373;-39.1247;2612208.0;29;23;22;9
NACIONAL ATL. MURIAÉ;minas-gerais;Muriaé;-21.13;-42.3693;3143906.0;29;43;32;2
ITAPIRENSE;sao-paulo;Itapira;-22.4357;-46.8224;3522604.0;29;33;34;1
AZURIZ FUTEBOL;parana;Pato Branco;-26.2292;-52.6706;4118501.0;28;25;31;7
VITÓRIA DAS TABOCAS;pernambuco;Vitória de Santo Antão;-8.12819;-35.2976;2616407.0;28;15;24;8
INHUMAS;goias;Inhumas;-16.3611;-49.5001;5210000.0;28;15;25;6
FREI PAULISTANO;sergipe;Frei Paulo;-10.5513;-37.5279;2802304.0;28;19;47;11
HORIZONTE;ceara;Fortaleza;-3.71664;-38.5423;2304400.0;28;21;30;9
ATLÉTICO GLORIENSE;sergipe;Lagarto;-10.9136;-37.6689;2803500.0;28;18;25;11
IVINHEMA;mato-grosso-do-sul;Ivinhema;-22.3046;-53.8184;5004700.0;28;11;25;3
LEAO DO VALE - CIANORTE;parana;Cianorte;-23.6599;-52.6054;4105508.0;28;20;16;3
CAMETÁ;para;Cametá;-2.24295;-49.4979;1502103.0;28;13;25;12
GUARANI V. AIRES;rio-grande-do-sul;Cruz Alta;-28.645;-53.6048;4306106.0;28;8;5;7
CA PATROCINENSE;minas-gerais;Patrocínio;-18.9379;-46.9934;3148103.0;28;29;61;3
BLUMENAU;santa-catarina;Blumenau;-26.9155;-49.0709;4202404.0;28;14;20;7
INDEPENDENTE DE LIMEIRA;sao-paulo;Limeira;-22.566;-47.397;3526902.0;28;22;37;1
SANTOS;amapa;Macapá;0.034934;-51.0694;1600303.0;27;18;21;12
IAPE;maranhao;São Luís;-2.5307;-44.3068;2111300.0;27;12;19;10
MONSOON;rio-grande-do-sul;Capão da Canoa;-29.75;-50.0167;4304630.0;27;24;17;7
TANABI;sao-paulo;Tanabi;-20.6228;-49.6563;3553401.0;27;12;21;3
NORTH ESPORTE CLUBE;minas-gerais;Montes Claros;-16.7244;-43.8617;3143302.0;27;24;17;2
ITAPIPOCA;ceara;Itapipoca;-3.49933;-39.5836;2306405.0;27;23;19;9
AYMORÉS;minas-gerais;Patos de Minas;-18.5699;-46.5013;3148004.0;27;35;35;3
PARATY;rio-de-janeiro;Paraíba do Sul;-22.1585;-43.304;3303708.0;26;11;21;0
UNIÃO SÃO JOÃO;sao-paulo;Araras;-22.3572;-47.3842;3503307.0;26;21;28;1
JUVENTUDE;maranhao;São Mateus do Maranhão;-4.0417;-44.4717;2111102.0;26;22;32;10
ANDRAUS;parana;Campo Largo;-25.4578;-49.5297;4104204.0;26;15;23;7
BRAGANTINO;para;Bragança;-1.06126;-46.7826;1501709.0;26;25;26;12
PALMAS;tocantins;Palmas;-10.1844;-48.3336;1721000.0;26;12;36;4
VARGINHA;minas-gerais;Varginha;-21.5597;-45.4389;3170701.0;26;28;29;1
PINHEIROS;espirito-santo;Pinheiros;-18.4141;-40.2171;3204104.0;26;11;58;2
PARAGOMINAS;para;Paragominas;-3.00212;-47.3527;1505502.0;25;22;21;12
GRÊMIO ANÁPOLIS;goias;Anápolis;-16.3281;-48.953;5201108.0;25;34;39;6
NACIONAL;parana;Curitiba;-25.4195;-49.2646;4106902.0;25;23;48;7
FOZ DO IGUAÇU;parana;União da Vitória;-26.2273;-51.0873;4128203.0;25;20;23;7
BARAÚNAS;rio-grande-do-norte;Mossoró;-5.18374;-37.3474;2408003.0;25;11;33;9
ATLÉTICO;acre;Rio Branco;-9.974;-67.8076;5107206.0;25;17;36;5
FAST CLUBE;amazonas;Manaus;-3.119;-60.0217;1302603.0;25;20;20;13
BARRA;sergipe;Barra dos Coqueiros;-10.91;-37.0317;2800605.0;25;20;20;11
SAPUCAIENSE;rio-grande-do-sul;Sapucaia do Sul;-29.8276;-51.145;4320008.0;25;8;35;7
JEQUIÉ;bahia;Jequié;-13.8583;-40.0825;2918001.0;25;16;23;11
SKA BRASIL;sao-paulo;Porto Feliz;-23.2093;-47.5251;3540606.0;25;16;18;1
ÁGUIA;para;Marabá;-5.38075;-49.1327;1504208.0;25;23;25;4
LAGUNA;rio-grande-do-norte;Tibau do Sul;-6.2344;-35.0911;2414309.0;25;16;10;8
VITÓRIA DA CONQUISTA;bahia;Salvador;-12.9718;-38.5011;2927408.0;25;22;28;11
ATLÉTICO CEARENSE;ceara;Fortaleza;-3.71664;-38.5423;2304400.0;25;25;37;9
SÃO FRANCISCO;para;Santarém;-2.43849;-54.6996;1506807.0;25;6;25;13
RIO PRETO;sao-paulo;São José do Rio Preto;-20.8113;-49.3758;3549805.0;25;28;44;3
SÃO RAIMUNDO;amazonas;Manaus;-3.11866;-60.0212;1302603.0;25;21;25;13
JABAQUARA;sao-paulo;Santos;-23.9535;-46.335;3548500.0;25;13;33;1
COIMBRA;minas-gerais;Belo Horizonte;-19.9102;-43.9266;3106200.0;24;26;29;2
ASEEV;goias;Guapó;-16.8317;-49.5317;5209101.0;24;7;34;6
CARAVAGGIO;santa-catarina;Nova Veneza;-28.6364;-49.4978;4211603.0;24;20;26;7
AFOGADOS DA INGAZEIRA;pernambuco;Afogados da Ingazeira;-7.74312;-37.631;2600104.0;24;29;22;9
UNIÃO DE RONDONÓPOLIS;mato_grosso;Rondonópolis;-16.4673;-54.6372;5107602.0;24;18;38;5
SÃO FRANCISCO;acre;Rio Branco;-9.974;-67.8076;5107206.0;24;11;40;5
INDEPENDENTE;amapa;Santana;-0.0583;-51.1817;1600600.0;24;13;11;12
ALECRIM;rio-grande-do-norte;Natal;-5.79357;-35.1986;2408102.0;24;14;29;8
AMÉRICA T.O;minas-gerais;Belo Horizonte;-19.9102;-43.9266;3106200.0;24;10;12;2
SÃO RAIMUNDO;para;Santarém;-2.43849;-54.6996;1506807.0;24;10;10;13
COLORADO CAIEIRAS;sao-paulo;Caieiras;-23.3639;-46.7411;3509007.0;24;22;23;1
PETROLINA;pernambuco;Petrolina;-9.38866;-40.5027;2611101.0;24;29;30;11
INTER DE LAGES;santa-catarina;Lages;-27.815;-50.3259;4209300.0;24;29;39;7
ZINZA;rio-de-janeiro;Rio de Janeiro;-22.9129;-43.2003;3304557.0;24;14;12;0
VERA CRUZ;pernambuco;Vitória de Santo Antão;-8.12819;-35.2976;2616407.0;24;19;31;8
JI-PARANÁ;rondonia;Ji-Paraná;-10.8777;-61.9322;1100122.0;24;20;25;5
ATLÉTICO CENTRAL;sergipe;Barra dos Coqueiros;-10.91;-37.0317;2800605.0;24;9;28;11
CONFIANÇA;paraiba;Sapé;-7.09359;-35.228;2515302.0;24;8;18;8
CENTRO OESTE;goias;Goiás;-15.9333;-50.14;5208905.0;24;18;10;6
REAL ARIQUEMES;rondonia;Ariquemes;-9.90571;-63.0325;1100023.0;24;12;25;5
RIO DE JANEIRO;rio-de-janeiro;Rio de Janeiro;-22.9129;-43.2003;3304557.0;24;12;22;0
RIOGRANDENSE;rio-grande-do-sul;Santa Maria;-29.6868;-53.8149;4316907.0;24;18;26;7
MARANGUAPE;ceara;Maranguape;-3.89143;-38.6829;2307700.0;24;19;17;9
SÃO CRISTÓVÃO;rio-de-janeiro;Rio de Janeiro;-22.9129;-43.2003;3304557.0;24;13;18;0
ROLÂNDIA;parana;Rolândia;-23.3101;-51.3659;4122404.0;23;9;29;3
RIO BRANCO;parana;Paranaguá;-25.5161;-48.5225;4118204.0;23;19;35;7
AMÉRICA;sergipe;Propriá;-10.2138;-36.8442;2805703.0;23;20;24;11
MATONENSE;sao-paulo;Matão;-21.6025;-48.364;3529302.0;23;19;51;3
CAPITAL;tocantins;Palmas;-10.1844;-48.3336;1721000.0;23;15;33;4
ATLÉTICO TUBARÃO;santa-catarina;Tubarão;-28.4713;-49.0144;4218707.0;23;22;48;7
DORENSE;sergipe;Nossa Senhora das Dores;-10.4854;-37.1963;2804607.0;23;18;31;11
POTYGUAR SERIDOENSE;rio-grande-do-norte;Currais Novos;-6.25484;-36.5146;2403103.0;23;17;35;8
DESPORTIVO ALIANÇA;alagoas;Barra de Santo Antônio;-9.405;-35.50694;2700508.0;23;13;37;11
7 DE ABRIL;rio-de-janeiro;São João de Meriti;-22.8058;-43.3729;3305109.0;23;18;43;0
ARRAIAL DO CABO;rio-de-janeiro;Araruama;-22.8697;-42.3326;3300209.0;23;21;7;0
UBERABA;minas-gerais;Uberaba;-19.7472;-47.9381;3170107.0;23;20;20;3
SPORT SINOP;mato-grosso;Sinop;-11.8604;-55.5091;5107909.0;23;17;36;5
OEIRENSE;piaui;Oeiras;-7.0253;-42.1311;2207008.0;23;16;16;10
TUPI;minas-gerais;Juiz de Fora;-21.7595;-43.3398;3136702.0;23;21;37;0
ATLÉTICO;paraiba;Paulista;-6.59138;-37.6185;2510907.0;23;16;19;9
SÃO JOSEENSE;parana;São José dos Pinhais;-25.5347;-49.2064;4125506.0;22;21;29;7
FLUMINENSE DE FEIRA;bahia;Feira de Santana;-12.2664;-38.9663;2910800.0;22;19;19;11
BARBALHA;ceara;Barbalha;-7.2982;-39.3021;2301901.0;22;15;34;9
UNIÃO CACOALENSE;rondonia;Cacoal;-11.4343;-61.4562;1100049.0;22;16;13;5
CRUZEIRO;rio-grande-do-sul;Cachoeirinha;-29.95;-51.0833;4303103.0;22;6;10;7
BAGÉ;rio-grande-do-sul;Bagé;-31.3297;-54.0999;4301602.0;22;13;16;7
TRINDADE;goias;Trindade;-16.6517;-49.4927;5221403.0;22;10;16;6
CAPITÃO POÇO;para;Capitão Poço;-1.7456;-47.0575;1502202.0;22;10;12;12
INDEPENDÊNCIA;acre;Rio Branco;-9.974;-67.8076;5107206.0;22;13;15;5
ARAÇATUBA;sao-paulo;Araçatuba;-21.2076;-50.4401;3502804.0;22;8;18;3
MINEIROS;goias;Mineiros;-17.5654;-52.5537;5213103.0;22;8;13;6
JOSEENSE;sao-paulo;Jacareí;-23.3053;-45.9658;3524402.0;22;24;25;1
ARUKO;parana;Maringá;-23.4205;-51.9333;4115200.0;22;8;10;3
YPIRANGA;amapa;Macapá;0.034934;-51.0694;1600303.0;21;12;29;12
JATAIENSE;goias;Jataí;-17.8784;-51.7204;5211909.0;21;13;31;6
ELITE CD;rio-grande-do-sul;Rio Grande;-32.0349;-52.1071;4315602.0;21;12;29;7
PRINCESA;amazonas;Manacapuru;-3.29066;-60.6216;1302504.0;21;25;15;13
PORTO VELHO ESPORTE CLUBE;rondonia;Porto Velho;-8.76077;-63.8999;1100205.0;21;11;7;5
PARANOÁ;distrito_federal;Brasília;-15.7744;-47.7817;5300108.0;21;15;20;6
ECUS;sao-paulo;Suzano;-23.5333;-46.3106;3552502.0;21;12;29;1
BÚZIOS;rio-de-janeiro;Armação dos Búzios;-22.7481;-41.8817;3300233.0;21;9;22;0
GUANABARA CITY;goias;Goiânia;-16.6864;-49.2643;5208707.0;21;7;19;6
ÍBIS;pernambuco;Paulista;-7.9408;-34.8722;2610707.0;21;20;28;8
GUARANI;santa-catarina;Palhoça;-27.6455;-48.6697;4211900.0;21;23;28;7
CANAÃ;para;Canaã dos Carajás;-6.495;-49.8731;1502152.0;21;11;18;4
MARUINENSE;sergipe;Maruim;-10.7308;-37.0856;2804003.0;21;7;29;11
IGUAÇU;parana;União da Vitória;-26.2273;-51.0873;4128203.0;21;16;18;7
NITEROIENSE;rio-de-janeiro;Niterói;-22.8832;-43.1034;3303302.0;21;11;8;0
SERRA BRANCA;paraiba;Cajazeiras;-6.88004;-38.5577;2503704.0;21;14;10;9
COMERCIAL;mato-grosso-do-sul;Três Lagoas;-20.7849;-51.7007;5008305.0;21;26;48;3
BARCELONA DE ILHÉUS;bahia;Ilhéus;-14.7935;-39.0331;2913606.0;20;21;28;11
ATLHETIC;minas_gerais;São João del-Rei;-21.1353;-44.2614;3162500.0;20;6;7;2
AZURIZ;parana;Pato Branco;-26.2292;-52.6706;4118501.0;20;15;21;7
DECISÃO;pernambuco;Bonito;-8.47163;-35.7292;2602308.0;20;13;19;8
OSASCO AUDAX;sao-paulo;Osasco;-23.5324;-46.7916;3534401.0;20;37;53;1
TIMON;maranhao;Timon;-5.09769;-42.8329;2112209.0;20;22;26;10
CRATO;ceara;Crato;-7.2153;-39.4103;2304202.0;20;21;51;9
PARINTINS;amazonas;Parintins;-2.6283;-56.7358;1303403.0;20;14;12;13
ABECAT OUVIDORENSE;goias;Ouvidor;-18.2277;-47.8355;5215504.0;20;10;11;6
JAGUARÉ;espirito-santo;Jaguaré;-18.907;-40.0759;3203056.0;20;12;6;2
CSP;paraiba;João Pessoa;-7.115;-34.8631;2507507.0;20;7;19;8
SÃO PAULO;rio-grande-do-sul;Rio Grande;-32.0349;-52.1071;4315602.0;20;13;26;7
PINHEIRO;maranhao;Pinheiro;-2.52224;-45.0788;2108603.0;20;20;24;10
SANTA CRUZ;rio-de-janeiro;Rio de Janeiro;-22.9129;-43.2003;3304557.0;20;9;16;0
CAETÉ;para;Cametá;-2.24295;-49.4979;1502103.0;20;9;27;12
METROPOLITANO;santa-catarina;Blumenau;-26.9155;-49.0709;4202404.0;20;18;35;7
GUARANI DE JUAZEIRO;ceara;Cruz;-2.91813;-40.176;2304251.0;20;16;25;9
CAÇADOR;santa-catarina;Caçador;-26.7757;-51.012;4203006.0;20;17;27;7
LARANJA MECÂNICA;parana;Arapongas;-23.4144;-51.4233;4101507.0;20;15;15;3
IMPÉRIO SERRANO;rio-de-janeiro;Rio de Janeiro;-22.9129;-43.2003;3304557.0;20;7;3;0
SAMAMBAIA;distrito_federal;Brasília;-15.8778;-48.0833;5300108.0;20;8;19;6
ANGRA DOS REIS;rio-de-janeiro;Angra dos Reis;-23.0011;-44.3196;3300100.0;20;11;45;0
GRÊMIO MAUAENSE;sao-paulo;Mauá;-23.6677;-46.4613;3529401.0;20;28;26;1
GUARANY DE SOBRAL;ceara;Fortaleza;-3.71664;-38.5423;2304400.0;20;20;23;9
SANTA ROSA;para;Belém;-1.4554;-48.4898;1501402.0;19;11;23;12
INTER SM;rio-grande-do-sul;Santa Maria;-29.6842;-53.8069;4316907.0;19;3;7;7
CARIRI;ceara;Juazeiro do Norte;-7.2372;-39.4121;2307301.0;19;14;21;9
PICOS;piaui;Picos;-7.07721;-41.467;2208007.0;19;17;25;10
SÃO PAULO CRYSTAL;paraiba;Aguiar;-7.0918;-38.1681;2500205.0;19;26;31;9
SPORT CAPIXABA;espirito-santo;Nova Venécia;-18.715;-40.4053;3203908.0;19;14;71;2
ACADEMIA;mato-grosso;Rondonópolis;-16.4673;-54.6372;5107602.0;19;16;48;5
SANTA HELENA;goias;Santa Helena de Goiás;-17.8115;-50.5977;5219308.0;19;12;26;6
QUIXADÁ;ceara;Quixadá;-4.9663;-39.0155;2311306.0;19;6;6;9
FORÇA E LUZ;rio-grande-do-norte;Natal;-5.7945;-35.2119;2408102.0;19;31;65;8
BATEL;parana;Guarapuava;-25.3902;-51.4623;4109401.0;19;19;29;7
ARAUCÁRIA;parana;Araucária;-25.5917;-49.4103;4101804.0;19;12;30;7
PRUDENTÓPOLIS;parana;Prudentópolis;-25.2111;-50.9754;4120606.0;19;19;21;7
TUNTUM;maranhao;Tuntum;-5.25476;-44.6444;2112308.0;19;22;17;10
TAGUATINGA;distrito_federal;Taguatinga;-15.8333;-48.0569;5300108.0;19;13;17;6
ATLÉTICO PARAENSE;para;Marituba;-1.36002;-48.3421;1504422.0;18;7;9;12
DESPORTIVA ARACAJU;sergipe;Aracaju;-10.9091;-37.0677;2800308.0;18;2;1;11
VALERIODOCE;minas-gerais;Itabira;-19.6239;-43.2312;3131703.0;18;20;16;2
PIAUÍ;piaui;Teresina;-5.09194;-42.8034;2211001.0;18;12;25;10
COXIM;mato-grosso-do-sul;Coxim;-18.5013;-54.751;5003306.0;18;12;39;5
CAAC BRASIL;rio-de-janeiro;Rio de Janeiro;-22.9129;-43.2003;3304557.0;18;6;33;0
GUAPORÉ;rondonia;Rolim de Moura;-11.7271;-61.7714;1100288.0;18;10;13;5
AMAZÔNIA INDEPENDENTE;para;Belterra;-2.63609;-54.9374;1501451.0;18;14;13;13
ARAPONGAS;parana;Arapongas;-23.4153;-51.4259;4101507.0;18;10;18;3
AMÉRICA;pernambuco;Recife;-8.04666;-34.8771;2611606.0;18;9;8;8
TOLEDO;parana;Toledo;-24.7122;-53.7431;4127700.0;18;18;52;3
TUPÃ;sao-paulo;Tupã;-21.9347;-50.5136;3555000.0;18;8;17;3
CANINDÉ;sergipe;Canindé de São Francisco;-9.6436;-37.7886;2801207.0;18;6;26;11
MAMORÉ;minas-gerais;Patos de Minas;-18.5699;-46.5013;3148004.0;18;39;22;3
MOSSORÓ;rio-grande-do-norte;Mossoró;-5.18374;-37.3474;2408003.0;18;5;13;9
BELA VISTA;tocantins;Cachoeirinha;-6.1219;-47.9211;1703842.0;18;13;16;4
PSTC;parana;Cornélio Procópio;-23.1811;-50.6467;4106407.0;18;16;32;3
UNIÃO ATLÉTICO;tocantins;Araguaína;-7.1925;-48.2078;1702109.0;18;11;6;4
PENEDENSE;alagoas;Penedo;-10.2874;-36.5819;2706703.0;17;22;17;11
PENAROL;amazonas;Itacoatiara;-3.13861;-58.4449;1301902.0;17;13;19;13
DIMENSÃO SAÚDE;alagoas;Capela;-9.41122;-36.0736;2701309.0;17;4;25;11
VERA CRUZ;rio-de-janeiro;Angra dos Reis;-23.0011;-44.3196;3300100.0;17;10;19;0
ESPORTE;paraiba;Paulista;-6.59138;-37.6185;2510907.0;17;6;7;9
PRIMAVERA;mato-grosso;Primavera do Leste;-15.5591;-54.2982;5107042.0;17;24;21;5
PLANALTINA;distrito_federal;Brasília;-15.7795;-47.9297;5300108.0;17;8;14;6
AUTO ESPORTE;paraiba;João Pessoa;-7.11509;-34.8641;2507507.0;17;13;17;8
RED BULL BRAGANTINO II;sao-paulo;Bragança Paulista;-22.9527;-46.5419;3507605.0;17;7;11;1
RIO SÃO PAULO;rio-de-janeiro;Rio de Janeiro;-22.9129;-43.2003;3304557.0;17;15;28;0
NOVA CIDADE;rio-de-janeiro;Nilópolis;-22.8057;-43.4233;3303203.0;17;23;36;0
FLUMINENSE DE JOINVILLE;santa-catarina;Joinville;-26.3045;-48.8487;4209102.0;17;11;33;7
GURUPI;tocantins;Gurupi;-11.7279;-49.068;1709500.0;17;16;17;6
BRASÍLIA;distrito_federal;Brasília;-15.7795;-47.9297;5300108.0;17;5;13;6
BOQUINHENSE;sergipe;Boquim;-11.1397;-37.6195;2800670.0;17;13;20;11
LINHARES;espirito-santo;Linhares;-19.3946;-40.0643;3203205.0;17;23;73;2
IRATY;parana;Irati;-25.4697;-50.6493;4110706.0;17;9;22;7
JUVENTUS;rio-de-janeiro;Rio de Janeiro;-22.9129;-43.2003;3304557.0;17;10;18;0
AMÉRICA DE PEDRINHAS;sergipe;Propriá;-10.2138;-36.8442;2805703.0;17;12;29;11
APUCARANA SPORTS;parana;Apucarana;-23.55;-51.4635;4101408.0;17;13;19;3
UNIÃO CENTRAL;rio-de-janeiro;Rio de Janeiro;-22.9129;-43.2003;3304557.0;16;11;17;0
LUZIÂNIA;goias;Luziânia;-16.253;-47.95;5212501.0;16;13;29;6
SOBRADINHO;distrito_federal;Sobradinho;-15.6517;-47.7853;5300108.0;16;9;23;6
SOCORRENSE;sergipe;Nossa Senhora do Socorro;-10.8468;-37.1231;2804805.0;16;10;19;11
AT. ITAPEMIRIM;espirito-santo;Itapemirim;-21.0095;-40.8307;3202801.0;16;9;32;2
GUARULHOS;sao-paulo;Guarulhos;-23.4538;-46.5333;3518800.0;16;14;28;1
GUARANY DE BAGÉ;rio-grande-do-sul;Bagé;-31.3297;-54.0999;4301602.0;16;19;32;7
PACATUBA;ceara;Pacatuba;-3.9784;-38.6183;2309706.0;16;13;32;9
ORATÓRIO;amapa;Macapá;-0.0383;-51.0632;1600303.0;16;9;15;12
NÁUTICO;roraima;Caracaraí;1.82766;-61.1304;1400209.0;16;12;32;13
AGUIA DE MARABA;para;Marabá;-5.38075;-49.1327;1504208.0;16;21;19;4
RIO NEGRO;amazonas;Manaus;-3.11866;-60.0212;1302603.0;16;9;17;13
GRÊMIO MARINGÁ;parana;Maringá;-23.4205;-51.9333;4115200.0;16;8;16;3
BARÉ;roraima;Boa Vista;2.82384;-60.6753;1400100.0;16;9;24;13
INDEPENDENTE;sergipe;Simão Dias;-10.7417;-37.8108;2807105.0;16;19;24;11
MAGUARY;pernambuco;Bonito;-8.4719;-35.7272;2602308.0;15;17;12;8
GUARANY;alagoas;Maceió;-9.66599;-35.735;2704302.0;15;7;6;11
JARAGUÁ;goias;Jaraguá;-15.7529;-49.3344;5211800.0;15;11;43;6
JAGUAR;pernambuco;Jaboatão dos Guararapes;-8.1139;-35.0153;2607901.0;15;5;18;8
BARCELONA;rondonia;Porto Velho;-8.7619;-63.9039;1100205.0;15;12;19;5
GRÊMIO S23;rio-grande-do-sul;Porto Alegre;-29.9740266;-51.1949496;4314902.0;15;7;6;7
CONTAGEM;minas-gerais;Contagem;-19.9391;-44.0531;3118601.0;15;12;14;2
CERES;rio-de-janeiro;Rio de Janeiro;-22.9129;-43.2003;3304557.0;15;9;16;0
COMERCIAL;piaui;Campo Maior;-4.8217;-42.1641;2202208.0;15;6;23;10
CONCORDIA ATLÉTICO CLUBE;santa_catarina;Tubarão;-28.4713;-49.0144;4218707.0;15;13;15;7
RED BULL BRASIL;sao-paulo;Ribeirão Preto;-21.1699;-47.8099;3543402.0;15;18;32;3
PARAUAPEBAS;para;Parauapebas;-6.06781;-49.9037;1505536.0;15;7;5;4
VERÊ;parana;Verê;-25.8772;-52.9051;4128609.0;15;13;18;7
CORDINO;maranhao;Barra do Corda;-5.49682;-45.2485;2101608.0;15;20;33;10
CENTRO LIMOEIRENSE;pernambuco;Limoeiro;-7.8726;-35.4402;2608909.0;15;13;25;8
CEO;alagoas;Maceió;-9.66599;-35.735;2704302.0;15;11;39;11
CEILANDENSE;sergipe;Nossa Senhora das Dores;-10.4854;-37.1963;2804607.0;15;11;25;11
PINHEIRENSE;para;Belém;-1.4554;-48.4898;1501402.0;15;11;13;12
SORRISO;mato-grosso;Sorriso;-12.5425;-55.7211;5107925.0;15;21;23;5
IPOJUCA;pernambuco;Ipojuca;-8.39303;-35.0609;2607208.0;15;13;13;8
ATLÉTICO CATARINENSE;santa-catarina;São José;-27.6136;-48.6366;4216602.0;15;18;42;7
INDEPENDENTE TUCURUÍ;para;Belterra;-2.63609;-54.9374;1501451.0;15;18;20;13
CAMPOS;rio-de-janeiro;Campos dos Goytacazes;-21.7622;-41.3181;3301009.0;15;24;24;2
GLÓRIA;rio-grande-do-sul;Vacaria;-28.5079;-50.9418;4322509.0;15;3;9;7
UNIÃO LUZIENSE;minas-gerais;Santa Luzia;-19.7697;-43.8514;3157807.0;14;15;26;2
JACOBINA;bahia;Jacobina;-11.1812;-40.5117;2917508.0;14;12;24;11
BATALHÃO;tocantins;Palmas;-10.1844;-48.3336;1721000.0;14;7;15;4
COLO COLO;bahia;Ilhéus;-14.793;-39.046;2913606.0;14;14;15;11
FLAMENGO;pernambuco;Recife;-8.04666;-34.8771;2611606.0;14;1;13;8
CRATEÚS;ceara;Crateús;-5.16768;-40.6536;2304103.0;14;11;12;9
CTE COLATINA;espirito-santo;Colatina;-19.5493;-40.6269;3201506.0;14;18;39;2
DESPORTIVA GUARABIRA;paraiba;Guarabira;-6.85064;-35.485;2506301.0;14;12;19;8
AMADENSE;sergipe;Tobias Barreto;-11.1798;-37.9995;2807402.0;14;8;25;11
ALVORADA;amazonas;Manaus;-3.11866;-60.0212;1302603.0;14;4;12;13
ABD;goias;Goiás;-15.9333;-50.14;5208905.0;14;5;6;6
VASCO DA GAMA;acre;Rio Branco;-9.974;-67.8076;5107206.0;14;6;23;5
ARAGUAÍNA;tocantins;Araguaína;-7.19238;-48.2044;1702109.0;14;8;8;4
ARARUAMA;rio-de-janeiro;Araruama;-22.8697;-42.3326;3300209.0;14;26;22;0
AMÉRICA;sao-paulo;São José do Rio Preto;-20.8113;-49.3758;3549805.0;14;20;31;3
APARECIDA;goias;Aparecida de Goiânia;-16.8198;-49.2469;5201405.0;14;12;31;6
QUEIMADENSE;paraiba;Queimadas;-7.3583;-35.8953;2512509.0;14;11;22;8
PORTUGUESA LONDRINENSE;parana;Londrina;-23.304;-51.1691;4113700.0;14;9;29;3
FF SPORT;alagoas;Viçosa;-9.3697;-36.2417;2709400.0;14;7;21;11
CAMPO MOURÃO;parana;Campo Mourão;-24.0463;-52.378;4104303.0;14;12;16;3
GRÊMIO B;rio-grande-do-sul;Pelotas;-31.7649;-52.3371;4314407.0;14;4;11;7
FUTEBOL COM VIDA;rio-grande-do-sul;Viamão;-30.0819;-51.0194;4323002.0;14;2;8;7
TUPY;goias;Jussara;-15.8653;-50.8678;5212204.0;14;11;9;6
GRAPIÚNA;bahia;Itabuna;-14.7876;-39.2781;2914802.0;14;13;21;11
ATLÉTICO CARIOCA;rio-de-janeiro;São Gonçalo;-22.8268;-43.0634;3304904.0;14;10;13;0
CÁCERES;mato-grosso;Cáceres;-16.0764;-57.6818;5102504.0;14;11;14;5
TIGRES DO BRASIL;rio-de-janeiro;Duque de Caxias;-22.7858;-43.3049;3301702.0;14;14;19;0
ATLÉTICO ITAJAÍ;santa-catarina;Ibirama;-27.0547;-49.5193;4206900.0;14;4;7;7
CORUMBAENSE;mato-grosso-do-sul;Corumbá;-19.0077;-57.651;5003207.0;14;18;25;5
OPERÁRIO;amazonas;Manacapuru;-3.29066;-60.6216;1302504.0;14;14;20;13
CHAPECOENSE B;santa-catarina;Chapecó;-27.103888888;-52.606666666;4204202.0;14;12;12;7
BATATAIS;sao-paulo;Batatais;-20.8929;-47.5921;3505906.0;14;18;36;3
TIRADENTES;ceara;Fortaleza;-3.71664;-38.5423;2304400.0;14;15;27;9
TOCANTINS MIRACEMA;tocantins;Miracema do Tocantins;-9.56556;-48.393;1713205.0;14;8;28;4
PETRÓPOLIS;rio-de-janeiro;Teresópolis;-22.4165;-42.9752;3305802.0;13;18;22;0
MORRINHOS;goias;Goiás;-15.9333;-50.14;5208905.0;13;17;28;6
GARIBALDI;rio-grande-do-sul;Garibaldi;-29.2564;-51.5239;4308607.0;13;3;19;7
CORISABBÁ;piaui;Floriano;-6.77182;-43.0241;2203909.0;13;18;23;10
ITUPIRANGA;para;Itupiranga;-5.13272;-49.3358;1503705.0;13;12;21;12
INTER DE MINAS;minas-gerais;Andradas;-22.0695;-46.5724;3102605.0;13;11;11;1
ITUMBIARA;goias;Itumbiara;-18.4093;-49.2158;5211503.0;13;17;31;6
ARAXÁ;minas-gerais;Araxá;-19.5902;-46.9438;3104007.0;13;10;6;3
UNIÃO MOGI;sao-paulo;Mogi das Cruzes;-23.5208;-46.1854;3530607.0;13;16;29;1
AMPARO;sao-paulo;Amparo;-22.7033;-46.7644;3501905.0;13;7;16;1
AFOGADOS;pernambuco;Afogados da Ingazeira;-7.74312;-37.631;2600104.0;13;9;23;9
UNIÃO BELTRÃO;parana;Santo Antônio da Platina;-23.2959;-50.0815;4124103.0;13;8;28;3
TIROL;ceara;Fortaleza;-3.7319;-38.5267;2304400.0;13;8;7;9
ASTER BRASIL;espirito-santo;Vitória;-20.3155;-40.3128;3205309.0;13;13;16;2
SANTOS;para;Belém;-1.4554;-48.4898;1501402.0;13;9;14;12
ATLÉTICO PATROCINENSE;minas_gerais;Patrocínio;-18.9379;-46.9934;3148103.0;13;24;37;3
GUARAÍ;tocantins;Guaraí;-8.83543;-48.5114;1709302.0;13;7;6;4
MAGEENSE;rio-de-janeiro;Magé;-22.6517;-43.0425;3302502.0;13;6;38;0
PORTO;pernambuco;Caruaru;-8.28455;-35.9699;2604106.0;13;21;18;8
PLÁCIDO DE CASTRO;acre;Plácido de Castro;-10.2806;-67.1371;1200385.0;13;8;24;5
SANTA CRUZ RIACHUELO;sergipe;Estância;-11.2659;-37.4484;2802106.0;13;5;27;11
BOCA JÚNIOR;sergipe;Cristinápolis;-11.4744;-37.7553;2801900.0;13;9;24;11
BOA;minas_gerais;Varginha;-21.5556;-45.4364;3170701.0;13;33;17;1
SÃO CARLOS;sao-paulo;São Carlos;-22.0174;-47.886;3548906.0;13;14;27;1
ATLÉTICO RORAIMA;roraima;Boa Vista;2.82384;-60.6753;1400100.0;13;10;25;13
PALMEIRA DE GOIANINHA;rio-grande-do-norte;Goianinha;-6.26486;-35.1943;2404200.0;13;15;32;8
CHAPADINHA;maranhao;Chapadinha;-3.73875;-43.3538;2103208.0;13;8;18;10
AD CARMÓPOLIS;sergipe;Carmópolis;-10.6449;-36.9887;2801504.0;12;9;13;11
QFC;rio-grande-do-norte;Parnamirim;-5.9158;-35.2628;2403251.0;12;4;1;8
URUAÇU;goias;Uruaçu;-14.5238;-49.1396;5221601.0;12;8;8;6
AE PARACATU;minas-gerais;Paracatu;-17.2222;-46.8744;3147006.0;12;14;10;6
ITABORAÍ PROFUTE;rio-de-janeiro;Itaboraí;-22.7565;-42.8639;3301900.0;12;3;25;0
ARAGUACEMA;tocantins;Araguaína;-7.19238;-48.2044;1702109.0;12;9;15;4
ARAGUAIA;mato-grosso;Alto Araguaia;-17.3153;-53.2181;5100300.0;12;9;37;5
SPORT ATIBAIA;sao-paulo;Atibaia;-23.1171;-46.5563;3504107.0;12;16;15;1
GUARANY;ceara;Fortaleza;-3.71664;-38.5423;2304400.0;12;8;17;9
VILLA REAL;minas-gerais;Nova Lima;-19.9758;-43.8509;3144805.0;12;4;12;2
SETE DE JUNHO;sergipe;Tobias Barreto;-11.1798;-37.9995;2807402.0;12;11;17;11
RIO VERDE;goias;Rio Verde;-17.7923;-50.9192;5218805.0;12;10;9;6
REAL SPORT CLUB;rio-grande-do-sul;Capão da Canoa;-29.7642;-50.0282;4304630.0;12;9;23;7
BARRA MANSA;rio-de-janeiro;Barra Mansa;-22.5481;-44.1752;3300407.0;12;16;31;0
BARCELONA;rio-de-janeiro;Rio de Janeiro;-22.9129;-43.2003;3304557.0;12;12;33;0
SANTA MARIA;distrito_federal;Brasília;-16.0167;-48.0167;5300108.0;12;6;24;6
GALO MARINGÁ;parana;Maringá;-23.4205;-51.9333;4115200.0;12;8;6;3
NOVO HORIZONTE;rio-grande-do-sul;Esteio;-29.8519;-51.1825;4307708.0;12;12;37;7
CERRADO;goias;Aparecida de Goiânia;-16.8198;-49.2469;5201405.0;12;13;17;6
FLAMENGO;sergipe;Nossa Senhora das Dores;-10.4854;-37.1963;2804607.0;12;3;14;11
YPIRANGA;pernambuco;Santa Cruz do Capibaribe;-7.94802;-36.2061;2612505.0;11;17;14;8
JUVENTUS;santa_catarina;Jaraguá do Sul;-26.4851;-49.0713;4208906.0;11;19;18;7
ITARARÉ;sao-paulo;Itararé;-24.1114;-49.3331;3523206.0;11;11;8;7
IZABELENSE;para;Santa Izabel do Pará;-1.29686;-48.1606;1506500.0;11;10;11;12
RIOSTRENSE;rio-de-janeiro;Três Rios;-22.1165;-43.2185;3306008.0;11;3;17;0
ASSISENSE;sao-paulo;Assis;-22.66;-50.4183;3504008.0;11;9;22;3
GRÊMIO PAGUE MENOS;ceara;Fortaleza;-3.71664;-38.5423;2304400.0;11;9;8;9
TUPAN;maranhao;São Luís;-2.53874;-44.2825;2111300.0;11;7;13;10
JUVENTUDE B;rio-grande-do-sul;Caxias do Sul;-29.1629;-51.1792;4305108.0;11;8;20;7
SPORT BELÉM;para;Belém;-1.4554;-48.4898;1501402.0;11;2;16;12
LEGIÃO;distrito_federal;Brasília;-15.7795;-47.9297;5300108.0;11;6;21;6
MACAPÁ;amapa;Macapá;0.034934;-51.0694;1600303.0;11;7;22;12
LEMENSE;sao-paulo;Leme;-22.1809;-47.3841;3526704.0;11;15;28;1
PICUIENSE;paraiba;Picuí;-6.50845;-36.3497;2511400.0;11;9;25;8
POCONÉ;mato-grosso;Chapada dos Guimarães;-15.4608;-55.7497;5103007.0;11;14;25;5
POMBAL;paraiba;Pombal;-6.7725;-37.8011;2512103.0;11;5;14;9
POÇOS DE CALDAS;minas-gerais;Caldas;-21.9183;-46.3843;3110301.0;11;11;21;1
PORTO VELHO;rondonia;Porto Velho;-8.76077;-63.8999;1100205.0;11;12;16;5
PORTUGUESA;mato-grosso-do-sul;Campo Grande;-20.4697;-54.6201;5002704.0;11;11;8;3
FLAMENGO;piaui;Teresina;-5.09194;-42.8034;2211001.0;11;17;35;10
PRINCESA DO SOLIMÕES;amazonas;Manacapuru;-3.29066;-60.6216;1302504.0;11;16;7;13
FORÇA JOVEM AQUIDABÃ;sergipe;Aquidabã;-10.2817;-37.0194;2800100.0;11;7;22;11
CARUARU CITY;pernambuco;Caruaru;-8.28455;-35.9699;2604106.0;11;15;17;8
PROPRIÁ;sergipe;Propriá;-10.2138;-36.8442;2805703.0;11;9;10;11
CASTELO;espirito-santo;Castelo;-20.6033;-41.2031;3201407.0;11;5;14;2
NOVOPERÁRIO;mato-grosso-do-sul;Sidrolândia;-20.9317;-54.9614;5007901.0;11;14;34;3
VIANA;maranhao;Viana;-3.2208;-45.0022;2112805.0;11;5;20;10
VISÃO CELESTE;rio-grande-do-norte;Natal;-5.79357;-35.1986;2408102.0;11;5;15;8
ADESG;acre;Senador Guiomard;-10.1497;-67.7362;1200450.0;11;9;8;5
PARAENSE;para;Marituba;-1.36002;-48.3421;1504422.0;10;7;14;12
OLÍMPIA;sao-paulo;Olímpia;-20.7366;-48.9106;3533908.0;10;18;38;3
IMBITUBA;santa-catarina;Imbituba;-28.2284;-48.6659;4207304.0;10;6;12;7
FORTE;espirito-santo;Cachoeiro de Itapemirim;-20.8462;-41.1198;3201209.0;10;9;15;2
CLIPER;amazonas;Manaus;-3.11866;-60.0212;1302603.0;10;11;18;13
IGREJINHA;rio-grande-do-sul;Igrejinha;-29.5693;-50.7919;4310108.0;10;4;6;7
SÃO PAULO;amapa;Macapá;0.034934;-51.0694;1600303.0;10;10;21;12
FONTE NOVA;para;Augusto Corrêa;-1.05109;-46.6147;1500909.0;10;12;8;12
SOCORRO;sergipe;Nossa Senhora do Socorro;-10.8468;-37.1231;2804805.0;10;12;20;11
GUARANY;rio_grande_do_sul;Cruz Alta;-28.645;-53.6048;4306106.0;10;6;10;7
SETE DE SETEMBRO;pernambuco;Garanhuns;-8.88243;-36.4966;2606002.0;10;11;19;8
SPARTAX;paraiba;João Pessoa;-7.115;-34.8631;2507507.0;10;9;16;8
SPORT LAGOA SECA;paraiba;Lucena;-6.8928;-34.8647;2508604.0;10;5;28;8
REAL;roraima;São Luiz;1.01019;-60.0419;1400605.0;10;9;10;13
NACIONAL UBERABA;minas-gerais;Uberaba;-19.7472;-47.9381;3170107.0;10;6;13;3
SÃO LUÍS;maranhao;São Luís;-2.53874;-44.2825;2111300.0;10;5;11;10
BELA VISTA;goias;Bela Vista de Goiás;-16.9733;-48.9525;5203302.0;10;10;6;6
GALÍCIA;bahia;Salvador;-12.9718;-38.5011;2927408.0;10;19;12;11
ATLÉTICO PERNAMBUCANO;pernambuco;Recife;-8.04666;-34.8771;2611606.0;10;7;20;8
SÃO MATEUS;espirito-santo;São Mateus;-18.7214;-39.8579;3204906.0;10;13;44;2
RIO NEGRO;roraima;Boa Vista;2.82384;-60.6753;1400100.0;9;7;30;13
UNAÍ;minas_gerais;Paracatu;-17.2252;-46.8711;3147006.0;9;7;13;6
JACOBINENSE;bahia;Jacobina;-11.1812;-40.5117;2917508.0;9;6;18;11
OSVALDO CRUZ;sao-paulo;Osvaldo Cruz;-21.7961;-50.8839;3534401.0;9;9;13;3
CORITIBA;sergipe;Itabaiana;-10.6853;-37.4253;2802908.0;9;6;24;11
OPERÁRIO CEOV;mato_grosso;Várzea Grande;-15.65;-56.1325;5108402.0;9;5;6;5
NOVO ESPORTE;minas-gerais;Itabirinha;-18.5131;-41.3417;3131701.0;9;5;7;2
CRUZEIRO;paraiba;Itaporanga;-7.3039;-38.1506;2507002.0;9;5;8;9
ESMAC;para;Ananindeua;-1.3653;-48.3725;1500800.0;9;10;12;12
ARACAJU;sergipe;Aracaju;-10.9091;-37.0677;2800308.0;9;5;20;11
ITZ SPORT;maranhao;Imperatriz;-5.5264;-47.4819;2105304.0;9;10;14;4
SESP SAMAMBAENSE;sergipe;Tobias Barreto;-11.1798;-37.9995;2807402.0;9;4;15;11
UNIÃO PARAENSE;para;Marituba;-1.36002;-48.3421;1504422.0;9;12;15;12
BELO JARDIM;pernambuco;Belo Jardim;-8.3313;-36.4258;2601706.0;9;7;17;8
LUMINENSE;maranhao;Paço do Lumiar;-2.5283;-44.1133;2107508.0;9;8;10;10
MONTE RORAIMA;roraima;Boa Vista;2.82384;-60.6753;1400100.0;9;6;4;13
GENUS;rondonia;Porto Velho;-8.7619;-63.9039;1100205.0;9;12;27;5
MIGUELENSE;alagoas;São Miguel dos Campos;-9.7826;-36.0886;2708600.0;9;4;33;11
TARUMÃ;amazonas;Manaus;-3.11866;-60.0212;1302603.0;9;6;16;13
UNIRB;bahia;Alagoinhas;-12.1335;-38.4208;2900702.0;9;16;8;11
GRÊMIO VALPARAÍSO;goias;Valparaíso de Goiás;-16.0683;-47.9767;5221858.0;9;2;14;6
CAMPO GRANDE;ceara;Juazeiro do Norte;-7.2372;-39.4121;2307301.0;9;5;15;9
BOM JESUS;goias;Bom Jesus de Goiás;-18.2153;-49.9419;5203500.0;9;2;0;6
SERRANENSE;minas-gerais;Betim;-19.9668;-44.2008;3106705.0;9;9;30;2
BOTAFOGO PB;paraiba;João Pessoa;-7.11509;-34.8641;2507507.0;9;7;16;8
GAVIÃO KYIKATEJÊ;para;Bom Jesus do Tocantins;-5.0424;-48.6047;1501576.0;8;10;19;12
NÁUAS;acre;Cruzeiro do Sul;-7.6649;-72.6504;4106704.0;8;5;27;5
TAPAJÓS;para;Santarém;-2.43849;-54.6996;1506807.0;8;12;24;13
UNIÃO;ceara;Fortaleza;-3.71664;-38.5423;2304400.0;8;7;16;9
PEDRA BRANCA;santa-catarina;Palhoça;-27.6419;-48.6667;4211900.0;8;3;11;7
IGACI;alagoas;Igaci;-9.5372;-36.6321;2703106.0;8;3;2;11
FERNANDÓPOLIS;sao-paulo;Fernandópolis;-20.2806;-50.2471;3515509.0;8;8;27;3
FARROUPILHA;rio-grande-do-sul;Pelotas;-31.7649;-52.3371;4314407.0;8;12;21;7
PORTUGUESA;amapa;Macapá;-0.0383;-51.0632;1600303.0;8;3;4;12
PORTO;bahia;Porto Seguro;-16.4497;-39.0641;2925303.0;8;7;7;2
AGRIMAQ JEQUIAENSE;alagoas;Jequiá da Praia;-10.0039;-36.021;2703759.0;8;1;8;11
ARUC;distrito_federal;Cruzeiro;-15.7934;-47.9406;5300108.0;8;4;10;6
UNIÃO;mato-grosso-do-sul;Bandeirantes;-19.9275;-54.3585;5001508.0;8;7;37;3
SANTANA;amapa;Santana;-0.0583;-51.1817;1600600.0;8;8;30;12
RIO BRANCO - VN;espirito_santo;Cariacica;-20.2632;-40.4165;3201308.0;8;13;5;2
SPARTA;tocantins;Araguaína;-7.1925;-48.2078;1702109.0;8;5;9;4
SUL AMÉRICA;amazonas;Manaus;-3.11866;-60.0212;1302603.0;8;3;15;13
CAMBÉ;parana;Cambará;-23.0423;-50.0753;4103602.0;8;12;34;3
CASIMIRO DE ABREU;rio-de-janeiro;Casimiro de Abreu;-22.4812;-42.2066;3301306.0;8;4;14;0
RIOPARDENSE;rio-grande-do-sul;Rio Grande;-32.0349;-52.1071;4315602.0;8;16;31;7
CAPITAL;distrito_federal;Brasília;-15.8222;-47.9781;5300108.0;8;8;9;6
ATL. TRÊS CORAÇÕES;minas-gerais;Barbacena;-21.2214;-43.7703;3105608.0;8;4;20;0
APAFUT;rio-grande-do-sul;Caxias do Sul;-29.1678;-51.1794;4305108.0;8;12;14;7
SÃO JOSÉ;maranhao;São Luís;-2.53874;-44.2825;2111300.0;8;10;24;10
MESQUITA;rio-de-janeiro;Mesquita;-22.8028;-43.4601;3302858.0;8;4;19;0
HOPE INTERNACIONAL;parana;Curitiba;-25.4195;-49.2646;4106902.0;8;10;20;7
SÃOJOSEENSE;parana;São José dos Pinhais;-25.5347;-49.2064;4125506.0;8;6;6;7
VILHENENSE;rondonia;Vilhena;-12.7502;-60.1488;1100304.0;8;12;10;5
BOTAFOGO;bahia;Salvador;-12.9718;-38.5011;2927408.0;8;5;6;11
VILA RICA;para;Belém;-1.4554;-48.4898;1501402.0;8;6;17;12
ATLÉTICO PIAUIENSE;piaui;Teresina;-5.09194;-42.8034;2211001.0;8;6;3;10
BOSTON CITY BRASIL;minas-gerais;Varginha;-21.5556;-45.4364;3170701.0;8;8;20;1
SANTARRITENSE;minas-gerais;Santa Rita do Sapucaí;-22.2461;-45.7034;3159605.0;8;10;9;1
SANTO ÂNGELO;rio-grande-do-sul;Santo Ângelo;-28.3001;-54.2668;4317509.0;7;6;31;7
VILHENA;rondonia;Vilhena;-12.7502;-60.1488;1100304.0;7;5;15;5
ANDIRÁ;acre;Rio Branco;-9.974;-67.8076;5107206.0;7;4;26;5
CUIABÁ B;mato-grosso;Cuiabá;-15.601;-56.0974;5103403.0;7;5;11;5
BATAGUASSU;mato-grosso-do-sul;Bataguassu;-21.7144;-52.4228;5001904.0;7;2;1;3
CARAJÁS;para;Parauapebas;-6.06781;-49.9037;1505536.0;7;15;23;4
RIACHÃO;sergipe;Riachão do Dantas;-11.0729;-37.731;2805802.0;7;12;12;11
RIOVERDENSE;goias;Rio Verde;-17.7923;-50.9192;5218805.0;7;5;29;6
CACERENSE;mato-grosso;Cáceres;-16.0764;-57.6818;5102504.0;7;8;7;5
JUAZEIRO;bahia;Juazeiro;-9.41622;-40.5033;2918407.0;7;10;5;11
PORTO;santa-catarina;Porto União;-26.2451;-51.0759;4213609.0;7;7;31;7
CRISTAL;amapa;Macapá;0.034934;-51.0694;1600303.0;7;4;3;12
PANTANAL;mato-grosso-do-sul;Ladário;-19.0089;-57.5973;5005202.0;7;8;3;5
CR AQUIDAUANA;mato-grosso-do-sul;Aquidauana;-20.4714;-55.7872;5001102.0;7;2;1;3
NAVEGANTES;santa-catarina;Navegantes;-26.8943;-48.6546;4211306.0;7;1;18;7
PEDREIRA;para;Belém;-1.4554;-48.4898;1501402.0;7;11;13;12
COIMBRA-MG B;minas-gerais;Belo Horizonte;-19.9102;-43.9266;3106200.0;7;8;2;2
12 HORAS;rio-grande-do-sul;Porto Alegre;-30.0331;-51.23;4314902.0;7;6;20;7
JARAGUÁ;santa-catarina;Jaraguá do Sul;-26.4851;-49.0713;4208906.0;7;4;22;7
JACIOBÁ;alagoas;Pão de Açúcar;-9.7497;-37.4375;2706307.0;7;16;48;11
ESSUBE;minas-gerais;Uberlândia;-18.9113;-48.2622;3170206.0;7;3;10;3
UNIÃO ATLÉTICO CLUBE;tocantins;Araguaína;-7.1925;-48.2078;1702109.0;7;4;6;4
ITABERAÍ;goias;Goiás;-15.9333;-50.14;5208905.0;7;3;8;6
BRASIL DE FARROUPILHA;rio-grande-do-sul;Farroupilha;-29.2227;-51.3419;4307906.0;7;4;7;7
SERRANO;paraiba;Campina Grande;-7.22196;-35.8731;2504009.0;7;2;17;8
CAMPO NOVO;mato-grosso;Campo Novo do Parecis;-13.6744;-57.8869;5102637.0;7;1;12;5
FORMOSA;goias;Formosa;-15.5333;-47.3333;5208004.0;7;1;13;6
ASSU;rio-grande-do-norte;Assu;-5.5772;-36.9114;2400209.0;7;22;43;9
ATIBAIA;sao-paulo;Atibaia;-23.1171;-46.5563;3504107.0;7;4;11;1
GEL;espirito-santo;Serra;-20.1286;-40.3078;3205000.0;7;7;56;2
TRÊS PASSOS;rio-grande-do-sul;Três Passos;-27.4555;-53.9296;4321907.0;7;1;14;7
TORRES BRASIL;pernambuco;Camaragibe;-8.02351;-34.9782;2603454.0;7;2;9;8
TIRADENTES;piaui;Teresina;-5.0919;-42.8033;2211001.0;7;6;12;10
INDEPENDENTE;rio-de-janeiro;Macaé;-22.3708;-41.7869;3302403.0;6;3;3;0
PERILIMA;paraiba;Campina Grande;-7.22196;-35.8731;2504009.0;6;8;12;8
FERROVIÁRIO DO CABO;pernambuco;Bezerros;-8.2328;-35.796;2601904.0;6;12;18;8
PIRES DO RIO;goias;Pires do Rio;-17.3019;-48.2768;5217401.0;6;6;14;6
JC FUTEBOL CLUBE;amazonas;Itacoatiara;-3.1417;-58.4444;1301902.0;6;6;22;13
CRIXÁS;goias;Cristalina;-16.7676;-47.6131;5206206.0;6;4;0;6
CRUZEIRO;distrito_federal;Cruzeiro;-15.7934;-47.9406;5300108.0;6;5;9;6
PARNAMIRIM;rio-grande-do-norte;Parnamirim;-5.9158;-35.2628;2403251.0;6;3;35;8
MARACAJU;mato-grosso-do-sul;Maracaju;-21.6105;-55.1678;5005400.0;6;11;6;3
BACABAL;maranhao;Bacabal;-4.22447;-44.7832;2101202.0;6;6;16;10
CAIÇARA;piaui;Campo Maior;-4.8217;-42.1641;2202208.0;6;4;13;10
SER CRUZ ALTA;rio-grande-do-sul;Cruz Alta;-28.645;-53.6048;4306106.0;6;2;8;7
BELENENSE;para;Santa Izabel do Pará;-1.29686;-48.1606;1506500.0;6;1;8;12
1° DE MAIO;pernambuco;Petrolina;-9.38866;-40.5027;2611101.0;6;10;17;11
ANDRADINA;sao-paulo;Andradina;-20.8948;-51.3786;3502101.0;6;1;13;3
AMÉRICA;goias;Morrinhos;-17.7334;-49.1059;5213806.0;6;11;12;6
VÊNUS;para;Abaetetuba;-1.72183;-48.8788;1500107.0;6;5;14;12
RIVER;roraima;Boa Vista;2.82384;-60.6753;1400100.0;6;2;8;13
RIACHO CITY;distrito_federal;Riacho Fundo;-15.8821;-48.0163;5300108.0;6;1;18;6
RB DO NORTE;amazonas;Manacapuru;-3.29066;-60.6216;1302504.0;6;3;12;13
TIANGUÁ;ceara;Tianguá;-3.72965;-40.9923;2313401.0;6;3;7;9
TERRA E MAR;ceara;Fortaleza;-3.71664;-38.5423;2304400.0;6;4;13;9
ATLÉTICO;rio-grande-do-sul;Gravataí;-29.9413;-50.9869;4309209.0;6;0;22;7
NÁUTICO;mato-grosso-do-sul;Campo Grande;-20.4697;-54.6201;5002704.0;6;2;19;3
PRS;rio-grande-do-sul;Porto Alegre;-30.0331;-51.23;4314902.0;6;4;6;7
RIACHUELO;rio-grande-do-norte;Riachuelo;-5.82156;-35.8215;2410900.0;6;1;12;8
UNIÃO FREDERIQUENSE;rio-grande-do-sul;Frederico Westphalen;-27.3586;-53.3958;4308508.0;5;5;18;7
DOCE MEL;bahia;Ipiaú;-14.1375;-39.7375;2913903.0;5;13;18;11
INTERNACIONAL B;rio-grande-do-sul;Porto Alegre;-30.0318;-51.2065;4314902.0;5;2;16;7
LAGO VERDE;maranhao;Lago Verde;-3.9572;-44.8317;2105908.0;5;2;1;10
NOVA CONQUISTA;tocantins;Paraíso do Tocantins;-10.1753;-48.8839;1716109.0;5;9;9;4
TUPY;espirito-santo;Vila Velha;-20.3417;-40.2875;3205200.0;5;8;6;2
OESTE BRASIL;parana;Maringá;-23.4205;-51.9333;4115200.0;5;2;9;3
7 DE SETEMBRO;mato-grosso-do-sul;Dourados;-22.2231;-54.812;5003702.0;5;3;4;3
SANTACRUZENSE;sao-paulo;Santa Cruz do Rio Pardo;-22.8988;-49.6354;3546405.0;5;8;22;3
SÃO JOSÉ;tocantins;Palmas;-10.1844;-48.3336;1721000.0;5;4;10;4
SABUGY;paraiba;Santa Luzia;-9.8475;-36.9189;2513903.0;5;4;24;11
SÃO JOSÉ;amapa;Macapá;0.034934;-51.0694;1600303.0;5;1;1;12
MANCHESTER FUTEBOL;minas-gerais;Juiz de Fora;-21.7642;-43.3503;3136702.0;5;4;3;0
CALOUROS DO AR;ceara;Fortaleza;-3.71664;-38.5423;2304400.0;5;0;3;9
INDEPENDENTE;para;Belterra;-2.63609;-54.9374;1501451.0;5;2;8;13
ITAREMA;ceara;Itarema;-2.9231;-39.9161;2306253.0;5;3;16;9
ESPORTE LIMOEIRO;ceara;Limoeiro do Norte;-5.14392;-38.0847;2307601.0;5;8;20;9
TESLA;para;Belém;-1.4558;-48.4902;1501402.0;5;2;7;12
TIRADENTES;para;Belém;-1.4554;-48.4898;1501402.0;5;4;20;12
CABENSE;pernambuco;Cabo de Santo Agostinho;-8.28218;-35.0253;2602902.0;5;9;17;8
RIO GRANDE;rio-grande-do-norte;Natal;-5.79357;-35.1986;2408102.0;5;2;3;8
CDC DA AMAZÔNIA;amazonas;Manaus;-3.11866;-60.0212;1302603.0;5;6;16;13
QUEIMADOS;rio-de-janeiro;Queimados;-22.7153;-43.5558;3304144.0;5;6;16;0
BRAZLÂNDIA;distrito_federal;Brasília;-15.6667;-48.1961;5300108.0;5;3;10;6
ATLÉTICO DE CAJAZEIRAS;paraiba;Livramento;-7.37113;-36.9491;2508505.0;5;1;12;8
SSA;bahia;Salvador;-12.9718;-38.5011;2927408.0;5;8;5;11
SANTA CRUZ;acre;Rio Branco;-9.974;-67.8076;3101300.0;5;3;1;5
OSASCO;sao-paulo;Osasco;-23.5324;-46.7916;3534401.0;4;1;3;1
CRICIÚMA B;santa-catarina;Criciúma;-28.6723;-49.3729;4204608.0;4;6;0;7
CRB B;alagoas;Maceió;-9.6658;-35.735;2704302.0;4;3;4;11
NOVA PRATA;rio-grande-do-sul;Nova Prata;-28.7799;-51.6113;4313300.0;4;7;27;7
FEMAR;paraiba;Alagoinha;-6.9533;-35.5414;2500601.0;4;4;7;8
UNIÃO ATLÉTICA ARAGUAINENSE;tocantins;Araguaína;-7.1925;-48.2078;1702109.0;4;1;0;4
IRANDUBA;amazonas;Iranduba;-3.2847;-60.1858;1301852.0;4;8;19;13
ARAGUAIA DE PALMAS;tocantins;Palmas;-10.1844;-48.3336;1721000.0;4;2;7;4
FLAMENGO DE GUANAMBI;bahia;Madre de Deus;-12.7446;-38.6153;2919926.0;4;2;5;11
ATLÉTICO BATISTENSE;santa-catarina;São José;-27.6136;-48.6366;4216602.0;4;3;15;7
CANOINHAS;santa-catarina;Canoinhas;-26.1772;-50.39;4203808.0;4;0;5;7
SABIÁ;maranhao;Caxias;-4.86505;-43.3617;2103000.0;4;1;5;10
SETE;amazonas;Manaus;-3.119;-60.0217;1302603.0;4;3;6;13
RENOVAÇÃO;amapa;Macapá;-0.0383;-51.0632;1600303.0;4;3;3;12
INDEPENDENTE DE RIO VERDE;goias;Rio Verde;-17.7923;-50.9192;5218805.0;4;2;8;6
RONDONIENSE;rondonia;Porto Velho;-8.76077;-63.8999;1100205.0;4;5;19;5
ATLÉTICO MOGI;sao-paulo;Bariri;-22.073;-48.7438;3505203.0;4;5;39;3
CENTRAL PARAÍSO;tocantins;Paraíso do Tocantins;-10.1753;-48.8839;1716109.0;4;3;5;4
SAMPAIO;roraima;Boa Vista;2.82384;-60.6753;1400100.0;4;4;14;13
MIRAMAR;paraiba;Cabedelo;-6.98731;-34.8284;2503209.0;4;3;3;8
G.A.S;roraima;Boa Vista;2.8233;-60.675;1400100.0;4;2;5;13
MAZAGÃO;amapa;Mazagão;-0.11336;-51.2891;1600402.0;4;1;1;12
BRÉSCIA;rio-de-janeiro;Magé;-22.6632;-43.0315;3302502.0;4;3;6;0
BARCELONA ESPORTIVO;sao-paulo;São Paulo;-23.5505;-46.6333;3550308.0;4;9;22;1
BOTAFOGO;sergipe;Cristinápolis;-11.4668;-37.7585;2801702.0;4;8;19;11
ALVORADA;tocantins;Alvorada;-12.4785;-49.1249;1700707.0;4;6;6;6
ALIANÇA;ceara;Pacatuba;-3.9842;-38.6203;2310107.0;4;2;6;9
UNIÃO DE PALMAS;tocantins;Palmas;-10.1844;-48.3336;1721000.0;3;1;10;4
VILA REAL;ceara;Jardim;-7.57599;-39.2826;2307106.0;3;2;5;9
URUMAJÓ;para;Augusto Corrêa;-1.0217;-46.6347;1500909.0;3;3;2;12
AMERICANO;maranhao;Bacabal;-4.22447;-44.7832;2101202.0;3;2;5;10
UNIVAP APODI;rio-grande-do-norte;Apodi;-5.6606;-37.7972;2401009.0;3;2;5;9
UNIÃO HARMONIA;rio-grande-do-sul;Canoas;-29.9189;-51.1767;4304606.0;3;4;49;7
RONDONÓPOLIS;mato-grosso;Rondonópolis;-16.4673;-54.6372;5107602.0;3;4;1;5
LIBRADE;amazonas;Manaus;-3.119;-60.0217;1302603.0;3;0;8;13
GRÊMIO OSASCO;sao-paulo;Osasco;-23.5324;-46.7916;3534401.0;3;3;10;1
SÃO GABRIEL;mato-grosso-do-sul;Bela Vista;-22.1073;-56.5263;5002100.0;3;3;11;3
BOTAFOGO;goias;Cristalina;-16.7686;-47.6136;5206206.0;3;2;12;6
ATLÉTICO AMAZONENSE;amazonas;Manaus;-3.11866;-60.0212;1302603.0;3;6;10;13
ATLÉTICO BACABAL;maranhao;Bacabal;-4.22447;-44.7832;2101202.0;3;1;4;10
TERESINA;piaui;Teresina;-5.09194;-42.8034;2211001.0;3;5;0;10
POTENGI;rio-grande-do-norte;Natal;-5.7945;-35.2119;2408102.0;3;2;7;8
CANAÃ;distrito_federal;Brasília;-15.7795;-47.9297;5300108.0;3;0;2;6
FORTALEZA B;ceara;Fortaleza;-3.71664;-38.5423;2304400.0;3;5;3;9
ROLIM DE MOURA;rondonia;Rolim de Moura;-11.7271;-61.7714;1100288.0;3;3;8;5
CAP DE UBERLÂNDIA;minas-gerais;Uberlândia;-18.9141;-48.2749;3170206.0;3;2;11;3
FERROVIÁRIO;piaui;Parnaíba;-2.9031;-41.7761;2207701.0;3;3;1;10
PESQUEIRA;pernambuco;Pesqueira;-8.35797;-36.6978;2610905.0;3;5;8;8
JUVENTUS DE MINAS NOVAS;minas-gerais;Caldas;-21.9183;-46.3843;3110301.0;3;3;11;1
CITY LONDON;parana;Londrina;-23.3103;-51.1628;4113700.0;3;5;2;3
PASSOS;minas-gerais;Passos;-20.7193;-46.609;3147907.0;3;5;5;3
CEARÁ B;ceara;Fortaleza;-3.71664;-38.5423;2304400.0;3;2;4;9
FEIRENSE;bahia;Santo Antônio de Jesus;-12.9614;-39.2584;2928703.0;3;4;13;11
TRÊS LAGOAS;mato-grosso-do-sul;Três Lagoas;-20.7849;-51.7007;5008305.0;3;3;9;3
CRUZEIRO;amapa;Macapá;-0.0383;-51.0632;1600303.0;3;2;5;12
PARAÍBA DO SUL;rio-de-janeiro;Paraíba do Sul;-22.1585;-43.304;3303708.0;3;1;5;0
JUARA;mato-grosso;Juara;-11.4194;-57.5186;5105150.0;3;4;1;5
CSA B;alagoas;Maceió;-9.6658;-35.735;2704302.0;3;3;2;11
DUQUE CAXIENSE;rio-de-janeiro;Duque de Caxias;-22.7858;-43.3049;3301702.0;3;3;13;0
PATROCINENSE;minas-gerais;Patrocínio;-18.9379;-46.9934;3148103.0;3;2;3;3
MOGI MIRIM;sao-paulo;Mogi Mirim;-22.4332;-46.9532;3530805.0;2;6;12;1
LATITUDE ZERO;amapa;Macapá;-0.0383;-51.0632;1600303.0;2;2;6;12
GÁLATAS;espirito-santo;Itaguaçu;-19.8033;-40.855;3202700.0;2;1;5;2
BRASILEIRINHO;rio-de-janeiro;Rio de Janeiro;-22.9129;-43.2003;3304557.0;2;1;16;0
LEÔNICO;bahia;Salvador;-12.9718;-38.5011;2927408.0;2;5;17;11
BRASILIS;sao-paulo;Águas de Lindóia;-22.4733;-46.6314;3500501.0;2;4;2;1
SANTA CRUZ;mato-grosso;Barra do Bugres;-15.0702;-57.1878;5101704.0;2;0;8;5
AVAÍ B;santa-catarina;Florianópolis;-27.5945;-48.5477;4205407.0;2;2;8;7
GRECAL;parana;Francisco Beltrão;-26.0817;-53.0535;4108403.0;2;2;9;7
BARE;amapa;Macapá;-0.0383;-51.0632;1600303.0;2;1;9;12
BELA VISTA;rio-de-janeiro;Saquarema;-22.9292;-42.5099;3305505.0;2;2;24;0
BARREIROS;pernambuco;Barreiros;-8.8153;-35.1878;2601409.0;2;1;2;8
ÁGUIA DE CUMARU;pernambuco;Petrolina;-9.38866;-40.5027;2611101.0;2;1;5;11
ITACOATIARA;amazonas;Itacoatiara;-3.1417;-58.4444;1301902.0;2;4;0;13
YPIRANGA;bahia;Salvador;-12.9718;-38.5011;2927408.0;2;4;2;11
ADEC;amapa;Calçoene;2.49804;-50.9496;;2;1;6;12
DÍNAMO;alagoas;Maceió;-9.6658;-35.735;2704302.0;2;3;19;11
UNIÃO INHUMAS;goias;Inhumas;-16.3611;-49.5001;5210000.0;2;1;7;6
PIMENTENSE;rondonia;Pimenta Bueno;-11.672;-61.198;1100189.0;2;4;10;5
PONTAPORANENSE;mato-grosso-do-sul;Ponta Porã;-22.5361;-55.7256;5006606.0;2;2;15;3
LAGOA;amapa;Macapá;0.034934;-51.0694;1600303.0;2;1;6;12
TAVEIRÓPOLIS;mato-grosso-do-sul;Campo Grande;-20.4697;-54.6201;5002704.0;2;0;8;3
ATLÉTICO CERRADO;tocantins;Paraíso do Tocantins;-10.1753;-48.8839;1716109.0;2;2;9;4
CANÁRIO;amapa;Macapá;0.034934;-51.0694;1600303.0;2;2;5;12
CANAÃ;bahia;Irecê;-11.3039;-41.8569;2914604.0;2;7;6;11
LAJEADENSE;rio-grande-do-sul;Lajeado;-29.4675;-51.9614;4311403.0;2;0;2;7
TUBARÃO;santa_catarina;Tubarão;-28.4713;-49.0144;4218707.0;2;8;16;7
MORENINHAS;mato-grosso-do-sul;Campo Grande;-20.4697;-54.6201;5002704.0;2;1;3;3
RIO BRANCO SPORT CLUB;parana;Paranaguá;-25.5161;-48.5225;4118204.0;2;6;16;7
ARSENAL CARIDADE;ceara;Caridade;-4.22514;-39.1912;2303006.0;1;0;9;9
COTINGUIBA;sergipe;Aracaju;-10.9091;-37.0677;2800308.0;1;1;5;11
CORITIBA B;parana;Curitiba;-25.4195;-49.2646;4106902.0;1;6;1;7
FIGUEIRENSE;minas-gerais;São João del-Rei;-21.1353;-44.2614;3162500.0;1;5;10;2
INTERNACIONAL;paraiba;Caaporã;-7.4289;-34.8967;2504001.0;1;0;4;8
PARAÍSO;tocantins;Paraíso do Tocantins;-10.1753;-48.8839;1716109.0;1;3;6;4
MARAJÓ;para;Breves;-1.6821;-50.4802;1501808.0;1;1;4;12
GUAJARÁ;rondonia;Guajará-Mirim;-10.7889;-65.3296;1100106.0;1;1;4;5
ANJOS DO CÉU;ceara;Cruz;-2.91813;-40.176;2304251.0;1;2;4;9
SÃO JOSÉ DE ITAPERUNA;rio-de-janeiro;Itaperuna;-21.1997;-41.8799;3302205.0;1;1;4;2
BETIS;minas-gerais;Ouro Branco;-20.5263;-43.6962;3145901.0;1;4;14;2
CAMAÇARIENSE;bahia;Camaçari;-12.6996;-38.3263;2905701.0;1;1;3;11
PIRAPORA;minas-gerais;Pirapora;-17.3392;-44.934;3151206.0;1;0;7;2
ATHLETICO PARANAENSE B;parana;Curitiba;-25.4195;-49.2646;4106902.0;1;3;2;7
TIMBAÚBA;pernambuco;Timbaúba;-7.50484;-35.3119;2615300.0;1;2;2;8
ATLÉTICO;mato-grosso;Alto Araguaia;-17.3153;-53.2181;5100300.0;1;2;6;5
COMERCIAL DE TRÊS LAGOAS;mato-grosso-do-sul;Três Lagoas;-20.7849;-51.7007;5008305.0;1;3;2;3
TAQUARUSSÚ;tocantins;Palmas;-10.1844;-48.3336;1721000.0;1;1;13;4
CANDANGO;distrito_federal;Brasília;-15.7795;-47.9297;5300108.0;1;0;6;6
EXPRESSINHO;maranhao;São Luís;-2.53874;-44.2825;2111300.0;1;0;13;10
ELOSPORT CAPÃO BONITO;sao-paulo;Sorocaba;-23.4969;-47.4451;3552205.0;1;2;5;1
ARSENAL;tocantins;Tocantinópolis;-6.32447;-47.4224;1721208.0;1;1;12;4
SPORTING MARACANÃ;para;Augusto Corrêa;-1.0217;-46.6347;1500909.0;0;2;2;12
ROYAL;goias;Luziânia;-16.2524;-47.9504;5212501.0;0;5;1;6
SERRANO;pernambuco;Serra Talhada;-7.98178;-38.289;2613909.0;0;1;9;9
MONTE CRISTO;goias;Goiânia;-16.6864;-49.2643;5208707.0;0;0;6;6
MISTO;mato-grosso-do-sul;Três Lagoas;-20.7849;-51.7007;5008305.0;0;3;4;3
MIRANORTE;tocantins;Miranorte;-9.52907;-48.5922;1713304.0;0;1;5;4
CAMAÇARI;bahia;Camaçari;-12.6996;-38.3263;2905701.0;0;0;5;11
BALSAS;maranhao;Balsas;-7.53214;-46.0372;2101400.0;0;1;3;4
SÃO GABRIEL;rio-grande-do-sul;São Gabriel;-30.3337;-54.3217;4318309.0;0;3;17;7
SANTA FÉ;pernambuco;Recife;-8.04666;-34.8771;2611606.0;0;2;3;8
BOLAMENSE;sergipe;Tobias Barreto;-11.1798;-37.9995;2807402.0;0;0;6;11
MARAU;rio-grande-do-sul;Santa Maria;-29.6868;-53.8149;4316907.0;0;5;27;7
SÃO DOMINGOS;alagoas;Marechal Deodoro;-9.711;-35.8953;2704708.0;0;1;5;11
GRÊMIO CARAJÁS;para;Belém;-1.4558;-48.4902;1501402.0;0;0;5;12
VOTUPORANGUENSE;sao_paulo;Guaíra;-20.3196;-48.312;3517406.0;0;1;0;3
ALTAMIRA;para;Altamira;-3.20407;-52.21;1500602.0;0;2;11;12
SOCIAL;minas-gerais;Coronel Fabriciano;-19.5179;-42.6276;3119401.0;0;2;6;2
CLUBE 1992;rio-grande-do-sul;Carazinho;-28.2839;-52.7844;4304705.0;0;8;6;7
MUTUM;mato_grosso;Nova Mutum;-13.8344;-56.0728;5106224.0;0;0;2;5
CHÃ GRANDE;pernambuco;Chã Grande;-8.23827;-35.4571;2604502.0;0;1;4;8
CEART;mato-grosso-do-sul;Dourados;-22.2239;-54.8064;5003702.0;0;1;5;3
PROGRESSO;roraima;Mucajaí;2.43998;-60.9096;1400308.0;0;3;20;13
TEIXEIRA DE FREITAS;bahia;Teixeira de Freitas;-17.5399;-39.74;2931350.0;0;0;2;2
NOVA ANDRADINA;mato-grosso-do-sul;Nova Andradina;-22.238;-53.3437;5006200.0;0;2;11;3
COLINAS;tocantins;Colinas do Tocantins;-8.05764;-48.4757;1705508.0;0;0;4;4
PORTELA;bahia;Teixeira de Freitas;-17.5348;-39.7424;2931350.0;0;1;5;2
ORLEANS;santa-catarina;Orleans;-28.3487;-49.2986;4211702.0;0;0;6;7
PAULISTANO;mato-grosso;Nortelândia;-14.4539;-56.8028;5106208.0;0;0;12;5
ARAGUARI;minas-gerais;Araguari;-18.6456;-48.1934;3103504.0;0;1;14;6
ARAIOSES;maranhao;Araioses;-2.8942;-41.9058;2100909.0;0;0;2;10
INTER SÃO GOTARDO;minas-gerais;São Gotardo;-19.3117;-46.0492;3162104.0;0;2;5;2
